element,integration_point,centroid_x,centroid_y,S11,S22,S12
1,1,0.0333333338300387,0.0166666669150194,118455303.30576494,8584318.681024905,17030262.76204661
2,1,0.0166666669150194,0.0333333338300387,104499214.41640201,31349764.3249206,14658512.866595482
3,1,0.0833333345750968,0.0166666669150194,98517705.48769045,1329921.8691287823,4646224.479915181
4,1,0.0666666676600774,0.0333333338300387,102506639.80736272,3799719.6315042377,2907335.0792865744
5,1,0.133333337803682,0.0166666669150194,94566406.65661713,-142049.06986593083,1422752.180409949
6,1,0.116666669646899,0.0333333338300387,100396466.85116279,1893550.278170485,-694925.5519085467
7,1,0.183333337306976,0.0166666669150194,94649346.73798347,-463830.4348518923,253816.76188666828
8,1,0.16666667163372,0.0333333338300387,99409852.21489792,1310984.5976183042,-1505692.4955540283
9,1,0.233333334326744,0.0166666669150194,95814506.60077612,-454122.16766773164,-164721.61312012142
10,1,0.216666668653488,0.0333333338300387,99136677.65692483,882368.8408305272,-1418976.710901095
11,1,0.283333341280619,0.0166666669150194,97070951.8931165,-354377.5837856084,-272034.6288631443
12,1,0.26666667064031,0.0333333338300387,99199697.23607305,561435.022921335,-1091723.4446801594
13,1,0.333333333333333,0.0166666669150194,98100191.88132656,-247774.17138004303,-255462.5386302254
14,1,0.316666672627131,0.0333333338300387,99378229.50567311,337805.6999813765,-757205.5810620326
15,1,0.383333335320155,0.0166666669150194,98844084.40153117,-160762.46104069054,-199400.75264774758
16,1,0.366666664679845,0.0333333338300387,99565146.61727063,191712.24940318242,-488429.9667320944
17,1,0.433333327372869,0.0166666669150194,99339578.08909151,-97958.99157763273,-140273.31821744685
18,1,0.416666666666667,0.0333333338300387,99718742.94151308,101635.10095387697,-296093.0005867224
19,1,0.48333332935969,0.0166666669150194,99648583.03079186,-56121.162462852895,-91509.49764024142
20,1,0.466666658719381,0.0333333338300387,99830091.8051698,49195.123245850205,-168731.63781168632
21,1,0.533333341280619,0.0166666669150194,99829691.75288628,-29996.934832036495,-55940.47357272075
22,1,0.51666667064031,0.0333333338300387,99904160.72711483,20552.146434035152,-89599.18352418307
23,1,0.583333353201548,0.0166666669150194,99928960.09930572,-14651.434440974146,-32056.825897633396
24,1,0.566666682561239,0.0333333338300387,99950059.17750755,6113.292554341257,-43327.85041162739
25,1,0.633333325386047,0.0166666669150194,99979011.14700516,-6214.2254236750305,-17055.69821625064
26,1,0.616666674613953,0.0333333338300387,99976632.5798774,-349.69026946276426,-17994.23208389051
27,1,0.683333317438761,0.0166666669150194,100001275.36704183,-1943.3436582274735,-8192.799620952333
28,1,0.666666646798452,0.0333333338300387,99990896.30299895,-2648.678625538945,-5208.537255843315
29,1,0.73333332935969,0.0166666669150194,100008948.20990013,-33.07738911360502,-3269.4953812515664
30,1,0.716666658719381,0.0333333338300387,99997819.98100623,-2979.9594689048827,519.9584975720177
31,1,0.783333341280619,0.0166666669150194,100009655.92451175,637.5935169048607,-713.7939479568669
32,1,0.76666667064031,0.0333333338300387,100000649.72297485,-2522.623466692865,2561.780929816289
33,1,0.833333353201548,0.0166666669150194,100007519.23104046,734.016201723367,498.1443292917921
34,1,0.816666682561239,0.0333333338300387,100001365.50772098,-1849.5315203256905,2850.486936103506
35,1,0.883333325386047,0.0166666669150194,100004623.41361132,642.9632503576577,955.5211939791338
36,1,0.866666674613953,0.0333333338300387,100001101.19572532,-1191.3943928182125,2397.675322327843
37,1,0.933333317438761,0.0166666669150194,100002023.13505726,570.0370466932654,913.3822532048727
38,1,0.916666646798452,0.0333333338300387,100000477.45761934,-600.8235472366214,1644.7579193844692
39,1,0.98333332935969,0.0166666669150194,100000415.6482921,417.048103120178,417.0481976989224
40,1,0.966666658719381,0.0333333338300387,99999877.33455724,-73.70310331135988,694.1041489769044
41,1,0.0333333338300387,0.0666666676600774,99416093.3159744,14406027.32349522,12813935.42361401
42,1,0.0166666669150194,0.0833333345750968,99228993.19290243,29768697.957870726,8728204.963539062
43,1,0.0833333345750968,0.0666666676600774,103154812.83521895,5960296.391025152,7448339.817827438
44,1,0.0666666676600774,0.0833333345750968,101711950.33620739,15094784.429565124,5377517.55718518
45,1,0.133333337803682,0.0666666676600774,100405923.69753255,1925073.0994030386,2738879.4519900386
46,1,0.116666669646899,0.0833333345750968,101870146.31872888,5574896.436078124,1362021.0275940106
47,1,0.183333337306976,0.0666666676600774,99115143.54611297,328622.3683351688,575114.4045537796
48,1,0.16666667163372,0.0833333345750968,101383661.0045114,2218394.291496694,-544425.0318291876
49,1,0.233333334326744,0.0666666676600774,98797547.69928217,-248064.3513116911,-284966.6895881331
50,1,0.216666668653488,0.0833333345750968,100897340.309932,863281.3974808715,-1149503.9075884493
51,1,0.283333341280619,0.0666666676600774,98913390.80492818,-392919.7475615479,-532048.2957066197
52,1,0.26666667064031,0.0833333345750968,100541780.9517286,275205.6244222373,-1150341.0477302119
53,1,0.333333333333333,0.0666666676600774,99167136.68461327,-365837.03688476235,-516273.69247219944
54,1,0.316666672627131,0.0833333345750968,100309974.2606228,26055.28914683312,-929470.0671372004
55,1,0.383333335320155,0.0666666676600774,99422263.64296027,-284564.3316314034,-409804.0059110248
56,1,0.366666664679845,0.0833333345750968,100168359.57034983,-65470.171163808554,-669662.937377935
57,1,0.433333327372869,0.0666666676600774,99628297.13337587,-199850.92617013678,-291274.1400388478
58,1,0.416666666666667,0.0833333345750968,100086045.0767051,-85429.9015079625,-445319.56859231606
59,1,0.48333332935969,0.0666666676600774,99776247.78569387,-130284.94167392701,-191341.36556033487
60,1,0.466666658719381,0.0833333345750968,100040443.25933377,-76207.08838276565,-277030.36277937435
61,1,0.533333341280619,0.0666666676600774,99874097.90975657,-79657.24476018175,-117559.77356316517
62,1,0.51666667064031,0.0833333345750968,100016537.30630384,-58198.085490942,-161686.32197616872
63,1,0.583333353201548,0.0666666676600774,99934507.92672451,-45724.21005636826,-67638.76071137418
64,1,0.566666682561239,0.0833333345750968,100004892.98781428,-40418.72134287283,-88016.99327276231
65,1,0.633333325386047,0.0666666676600774,99969396.88843898,-24468.661730919033,-36124.52696164535
66,1,0.616666674613953,0.0833333345750968,99999839.34503779,-26124.784562386572,-43874.678241629495
67,1,0.683333317438761,0.0666666676600774,99988096.08577068,-11982.73605370149,-17449.426370717356
68,1,0.666666646798452,0.0833333345750968,99998108.91959666,-15855.052383616567,-19102.644244253308
69,1,0.73333332935969,0.0666666676600774,99997173.256894,-5135.706509683281,-7078.424050315134
70,1,0.716666658719381,0.0833333345750968,99997905.00119738,-9040.061425693333,-6224.260197015563
71,1,0.783333341280619,0.0666666676600774,100000906.86432184,-1665.4856434240937,-1740.3469990149333
72,1,0.76666667064031,0.0833333345750968,99998292.6381952,-4799.892119325697,-192.63828243914293
73,1,0.833333353201548,0.0666666676600774,100001909.51233856,-36.18279502913356,717.6845098979876
74,1,0.816666682561239,0.0833333345750968,99998814.51901561,-2293.1892352961004,2158.6076210654765
75,1,0.883333325386047,0.0666666676600774,100001686.52809185,759.7134955897927,1581.9620822845307
76,1,0.866666674613953,0.0833333345750968,99999254.58557415,-832.6608243361115,2665.431594610197
77,1,0.933333317438761,0.0666666676600774,100001060.29549173,1341.9693607464433,1514.1471839762808
78,1,0.916666646798452,0.0833333345750968,99999498.01131459,103.15846240147948,2268.288203860598
79,1,0.98333332935969,0.0666666676600774,100000459.57980818,1867.1143998280168,755.9624819160018
80,1,0.966666658719381,0.0833333345750968,99999464.40649705,863.202662345022,1294.1776861713067
81,1,0.0333333338300387,0.116666669646899,95339937.83560461,16805180.100211307,8139448.391030849
82,1,0.0166666669150194,0.133333337803682,97546831.41249877,29264049.42374963,4190973.3231563843
83,1,0.0833333345750968,0.116666669646899,99845845.64449641,8874435.4571951,5813490.735599302
84,1,0.0666666676600774,0.133333337803682,100563593.88183773,18372276.91408124,3063139.2514121593
85,1,0.133333337803682,0.116666669646899,101367105.96268325,3898095.249259431,2984071.418562258
86,1,0.116666669646899,0.133333337803682,101949971.16387513,9505673.113008723,1317413.670308865
87,1,0.183333337306976,0.116666669646899,101103353.11112934,1284034.646889992,1005928.087818027
88,1,0.16666667163372,0.133333337803682,102139993.99332729,4129961.658452645,-39378.79755270584
89,1,0.233333334326744,0.116666669646899,100668269.7204705,99712.76594254747,23567.191576281795
90,1,0.216666668653488,0.133333337803682,101807601.24829495,1495309.0880396739,-658913.4039037903
91,1,0.283333341280619,0.116666669646899,100356118.46473598,-343669.3322197944,-350897.5479286063
92,1,0.26666667064031,0.133333337803682,101344995.29575217,302730.43852704763,-791164.3492997655
93,1,0.333333333333333,0.116666669646899,100171071.1447573,-436955.09707118943,-420926.6884397438
94,1,0.316666672627131,0.133333337803682,100921559.4239602,-174037.0444525294,-693766.7425582145
95,1,0.383333335320155,0.116666669646899,100072165.09147061,-386118.4340944998,-364323.0790782291
96,1,0.366666664679845,0.133333337803682,100591712.05482963,-310762.82404949144,-524489.1876265251
97,1,0.433333327372869,0.116666669646899,100023850.81590709,-292744.1041676961,-272214.3947549601
98,1,0.416666666666667,0.133333337803682,100358133.48611705,-300327.91570056975,-360171.70115406974
99,1,0.48333332935969,0.116666669646899,100002749.37566455,-201853.36728020757,-185120.88066000116
100,1,0.466666658719381,0.133333337803682,100204009.04827975,-238696.63445590064,-229386.85263786546
101,1,0.533333341280619,0.116666669646899,99995168.46787773,-129427.5469112955,-116919.7975782986
102,1,0.51666667064031,0.133333337803682,100108344.77582799,-170174.74723117426,-136419.9527149236
103,1,0.583333353201548,0.116666669646899,99993682.0030657,-77788.6705041118,-68987.87312185306
104,1,0.566666682561239,0.133333337803682,100052428.12957294,-112249.64840273559,-75526.18888713862
105,1,0.633333325386047,0.116666669646899,99994538.5914231,-43793.96327866614,-37852.50786310128
106,1,0.616666674613953,0.133333337803682,100021850.76617444,-69338.04157149047,-38328.50581887597
107,1,0.683333317438761,0.116666669646899,99996000.54237683,-22882.976449675858,-18946.187979932958
108,1,0.666666646798452,0.133333337803682,100006491.40414046,-40208.11946345493,-17106.19112891615
109,1,0.73333332935969,0.116666669646899,99997366.48251684,-10835.123694147915,-8198.110371339464
110,1,0.716666658719381,0.133333337803682,99999722.86998564,-21766.27816702798,-5889.520184874316
111,1,0.783333341280619,0.116666669646899,99998429.8574444,-4342.494622003287,-2524.2462641662532
112,1,0.76666667064031,0.133333337803682,99997463.69899349,-10805.958751149476,-523.9636466990321
113,1,0.833333353201548,0.116666669646899,99999193.6015291,-1029.5808569677174,177.8219629637483
114,1,0.816666682561239,0.133333337803682,99997339.86132199,-4669.493458725512,1656.8822096281199
115,1,0.883333325386047,0.116666669646899,99999725.78694595,738.010415006429,1208.6488900265185
116,1,0.866666674613953,0.133333337803682,99998035.82420897,-1376.914053004235,2233.041824167516
117,1,0.933333317438761,0.116666669646899,100000089.10881788,2073.4834733344615,1262.5705151842449
118,1,0.916666646798452,0.133333337803682,99998826.02955157,468.0831966884434,2034.8534450980962
119,1,0.98333332935969,0.116666669646899,100000318.7484676,3711.0092308446765,549.7175249457715
120,1,0.966666658719381,0.133333337803682,99999239.66967344,1818.6517300195992,1349.719547325684
121,1,0.0333333338300387,0.16666667163372,94062304.04244573,17648958.190239504,4035956.622990799
122,1,0.0166666669150194,0.183333337306976,97103926.58765778,29131177.97629733,125691.69225869716
123,1,0.0833333345750968,0.16666667163372,98082200.97311535,10100967.218340017,3214028.9853504337
124,1,0.0666666676600774,0.183333337306976,100159978.6698361,19478260.57845661,129971.6340090122
125,1,0.133333337803682,0.16666667163372,100588348.28372979,4966930.179190934,2027435.1153862488
126,1,0.116666669646899,0.183333337306976,101783846.00654939,11211460.72837023,24350.984539909543
127,1,0.183333337306976,0.16666667163372,101486014.37630774,1950029.6017208248,980750.7901041177
128,1,0.16666667163372,0.183333337306976,102247259.57888646,5464603.567737937,-170431.29374862293
129,1,0.233333334326744,0.16666667163372,101483686.2386657,415592.38927546516,311182.0208823556
130,1,0.216666668653488,0.183333337306976,102047307.73026276,2118417.6079073288,-299015.1703330669
131,1,0.283333341280619,0.16666667163372,101182610.46201435,-238552.3405990079,-18822.866155505963
132,1,0.26666667064031,0.183333337306976,101595400.35733086,449106.6248750128,-315097.5182149233
133,1,0.333333333333333,0.16666667163372,100843508.05497932,-434208.2743887603,-139517.97428658957
134,1,0.316666672627131,0.183333337306976,101124929.57618353,-255856.60634825006,-263303.0482381358
135,1,0.383333335320155,0.16666667163372,100558373.30970521,-421891.9744641818,-155497.36537642826
136,1,0.366666664679845,0.183333337306976,100734843.0028742,-466807.79002030194,-190915.7502493161
137,1,0.433333327372869,0.16666667163372,100347643.5411935,-335294.39877936244,-129611.87383178454
138,1,0.416666666666667,0.183333337306976,100448821.84046657,-454757.4152357727,-124689.03226318613
139,1,0.48333332935969,0.16666667163372,100204154.74490313,-238210.97904460505,-93848.81845939856
140,1,0.466666658719381,0.183333337306976,100256310.73637831,-362694.24022392184,-74376.11849645498
141,1,0.533333341280619,0.16666667163372,100112544.8049258,-156174.6502384618,-61845.757555404234
142,1,0.51666667064031,0.183333337306976,100135567.76279433,-258787.0736772418,-40417.843362597036
143,1,0.583333353201548,0.16666667163372,100057405.94003879,-95656.94684994966,-37725.313463857376
144,1,0.566666682561239,0.183333337306976,100064737.84827457,-170516.73723382875,-19544.7421374532
145,1,0.633333325386047,0.16666667163372,100026196.08908565,-54853.63186743483,-21343.93628983031
146,1,0.616666674613953,0.183333337306976,100026099.56887569,-105048.85819888115,-7803.8281380946955
147,1,0.683333317438761,0.16666667163372,100009775.93209633,-29259.692943878472,-11066.006666543533
148,1,0.666666646798452,0.183333337306976,100006879.18729398,-60648.70240493864,-1835.2309463587028
149,1,0.73333332935969,0.16666667163372,100001981.26100412,-14238.3081054613,-5061.592821668606
150,1,0.716666658719381,0.183333337306976,99998606.09827402,-32610.643090568483,793.5004673864174
151,1,0.783333341280619,0.16666667163372,99998912.23128028,-5977.517795167863,-1809.3593149489739
152,1,0.76666667064031,0.183333337306976,99996040.41249667,-16020.562657695264,1667.7182833231127
153,1,0.833333353201548,0.16666667163372,99998242.80964662,-1659.6657099761069,-216.3221341438772
154,1,0.816666682561239,0.183333337306976,99996142.7821325,-6808.352539502084,1735.2543474040203
155,1,0.883333325386047,0.16666667163372,99998660.16984423,704.2380657419562,417.9107017174491
156,1,0.866666674613953,0.183333337306976,99997250.9550942,-1957.22207570076,1513.8621975588032
157,1,0.933333317438761,0.16666667163372,99999450.86715694,2550.8752145804465,469.52593511891024
158,1,0.916666646798452,0.183333337306976,99998474.13842039,648.4286385886371,1244.688380188727
159,1,0.98333332935969,0.16666667163372,100000214.72700316,5068.842829074711,8.114242511076696
160,1,0.966666658719381,0.183333337306976,99999240.63425894,2487.8053451813757,965.2644475788927
161,1,0.0333333338300387,0.216666668653488,93588777.25884362,17414013.54691685,258796.58020595548
162,1,0.0166666669150194,0.233333334326744,97484226.2393649,29245267.871809468,-3975315.5545499125
163,1,0.0833333345750968,0.216666668653488,97310467.71757784,9979890.737595882,511484.6803946674
164,1,0.0666666676600774,0.233333334326744,100396189.43138632,19456237.198679663,-2870610.386570319
165,1,0.133333337803682,0.216666668653488,99930037.00695448,5032097.396387186,649999.404387131
166,1,0.116666669646899,0.233333334326744,101709642.35383426,11299643.128472809,-1516540.9116837524
167,1,0.183333337306976,0.216666668653488,101237163.59156322,2097616.9433270916,594802.5901441218
168,1,0.16666667163372,0.233333334326744,101987763.79448538,5649415.432646457,-563535.5193055068
169,1,0.233333334326744,0.216666668653488,101578042.55701722,554200.3637555093,445753.4435361212
170,1,0.216666668653488,0.233333334326744,101739984.74545103,2248463.2894934304,-53994.08720239927
171,1,0.283333341280619,0.216666668653488,101419060.57633853,-138692.64509939402,297720.40127627074
172,1,0.26666667064031,0.233333334326744,101312754.78744765,474614.03288463503,161220.26984689315
173,1,0.333333333333333,0.216666668653488,101090676.79098059,-370032.5570247136,186194.97874666608
174,1,0.316666672627131,0.233333334326744,100894751.42236406,-295985.3912917413,219008.3005655789
175,1,0.383333335320155,0.216666668653488,100760012.01099898,-382911.09627103806,111514.43832272627
176,1,0.366666664679845,0.233333334326744,100561817.8906229,-528690.2271320149,204122.62921035138
177,1,0.433333327372869,0.216666668653488,100491537.93851538,-312370.4217400104,64440.647885017686
178,1,0.416666666666667,0.233333334326744,100326744.83153005,-512891.25011172146,162794.40507107074
179,1,0.48333332935969,0.216666668653488,100297604.00334273,-225050.0170091614,35883.078454223796
180,1,0.466666658719381,0.233333334326744,100174860.87325506,-407373.5413181074,118016.39954687453
181,1,0.533333341280619,0.216666668653488,100168563.52614349,-148801.19584669918,19097.555461282576
182,1,0.51666667064031,0.233333334326744,100084034.78436652,-289120.78270202875,79633.6355706565
183,1,0.583333353201548,0.216666668653488,100088398.14444135,-91649.08334456012,9551.286716944262
184,1,0.566666682561239,0.233333334326744,100033844.10993908,-189217.0207080245,50507.19576724962
185,1,0.633333325386047,0.216666668653488,100041786.02715118,-52760.663947209716,4331.973737127969
186,1,0.616666674613953,0.233333334326744,100008633.97758071,-115578.33340276778,30169.988362941065
187,1,0.683333317438761,0.216666668653488,100016606.7140324,-28223.613276857883,1618.8892867978852
188,1,0.666666646798452,0.233333334326744,99997664.30837923,-65997.1795787923,16888.57121927343
189,1,0.73333332935969,0.216666668653488,100004261.1843298,-13760.356238022447,300.90074043198103
190,1,0.716666658719381,0.233333334326744,99994160.54084983,-34957.465231627226,8727.217049682087
191,1,0.783333341280619,0.216666668653488,99999113.8283437,-5775.843167569488,-281.0643342664924
192,1,0.76666667064031,0.233333334326744,99994159.81452589,-16790.767179198563,4018.2641722121475
193,1,0.833333353201548,0.216666668653488,99997710.96867922,-1581.0640504695475,-503.44754156816305
194,1,0.816666682561239,0.233333334326744,99995516.03866915,-6855.180069934577,1507.4490045152766
195,1,0.883333325386047,0.216666668653488,99998061.25054872,743.7627727016807,-571.0651738347702
196,1,0.866666674613953,0.233333334326744,99997158.46955444,-1746.813787907362,342.5318056437233
197,1,0.933333317438761,0.216666668653488,99999068.2425855,2628.7758556120098,-592.9246820287103
198,1,0.916666646798452,0.233333334326744,99998581.83203009,899.9372171200812,3.4883762945555534
199,1,0.98333332935969,0.216666668653488,100000107.92774352,5378.783627141267,-655.3235566577417
200,1,0.966666658719381,0.233333334326744,99999478.08109598,2751.7274087555707,221.53460746543666
201,1,0.0333333338300387,0.26666667064031,93517284.88743013,16022130.03202681,-3431365.741349293
202,1,0.0166666669150194,0.283333341280619,99038368.91403142,29711510.674209423,-8603414.844424032
203,1,0.0833333345750968,0.26666667064031,97147585.94020174,8627558.894731108,-2017391.7696170066
204,1,0.0666666676600774,0.283333341280619,101208322.53745252,18329441.327033535,-5722712.937587719
205,1,0.133333337803682,0.26666667064031,99582968.330728,4210729.718118604,-665193.6532377703
206,1,0.116666669646899,0.283333341280619,101541413.89208469,9945707.28029599,-2736500.1431618673
207,1,0.183333337306976,0.26666667064031,100818386.88820204,1751492.4117019847,146048.01458781963
208,1,0.16666667163372,0.283333341280619,101235655.73285736,4706535.938757416,-761882.620000488
209,1,0.233333334326744,0.26666667064031,101213561.97275311,493720.71383368596,479602.0026645927
210,1,0.216666668653488,0.283333341280619,100818386.51877046,1751492.3008725047,247364.33428431815
211,1,0.283333341280619,0.26666667064031,101149453.25155088,-69724.42010456696,528179.0078030386
212,1,0.26666667064031,0.283333341280619,100472167.48343827,271302.36703923345,618710.2719100199
213,1,0.333333333333333,0.26666667064031,100904568.23415557,-263262.6853197627,449460.3795952842
214,1,0.316666672627131,0.283333341280619,100235124.55095279,-344023.03028399125,651438.2105737241
215,1,0.383333335320155,0.26666667064031,100635943.76604787,-281603.9757154286,335622.5129521861
216,1,0.366666664679845,0.283333341280619,100092988.84774666,-506736.50124243274,542415.2862905511
217,1,0.433333327372869,0.26666667064031,100410992.24679591,-232066.53255854174,229701.68186467653
218,1,0.416666666666667,0.283333341280619,100018126.01751912,-466949.3002740517,398710.979813723
219,1,0.48333332935969,0.26666667064031,100246760.25142023,-167708.9474341981,146665.0455404463
220,1,0.466666658719381,0.283333341280619,99985004.84231694,-359862.75390223414,268871.37280969456
221,1,0.533333341280619,0.26666667064031,100137513.33156309,-110858.95871350542,87865.64218903313
222,1,0.51666667064031,0.283333341280619,99974857.75465375,-249279.69646414742,168924.64998206528
223,1,0.583333353201548,0.26666667064031,100070174.26347879,-68116.50890906155,49245.264354338084
224,1,0.566666682561239,0.283333341280619,99975668.3641376,-159412.44894114882,99268.83649335374
225,1,0.633333325386047,0.26666667064031,100031594.42465776,-39043.509812589735,25466.911107835578
226,1,0.616666674613953,0.283333341280619,99980578.19788027,-94995.3285886161,54266.003256800745
227,1,0.683333317438761,0.26666667064031,100011241.44962604,-20740.042089410126,11716.24317503075
228,1,0.666666646798452,0.283333341280619,99986132.00349477,-52682.23616148904,27076.300152824282
229,1,0.73333332935969,0.26666667064031,100001651.29249436,-9988.29308322817,4284.808227018663
230,1,0.716666658719381,0.283333341280619,99990880.7574245,-26848.24974987656,11723.786771397306
231,1,0.783333341280619,0.26666667064031,99997973.78258985,-4077.540299296379,584.812951030266
232,1,0.76666667064031,0.283333341280619,99994432.65746129,-12153.883593149483,3712.592910982864
233,1,0.833333353201548,0.26666667064031,99997278.83586308,-979.1894235089421,-1050.9892889670214
234,1,0.816666682561239,0.283333341280619,99996876.02930795,-4406.866283867508,-19.705292385799538
235,1,0.883333325386047,0.26666667064031,99997910.5985472,760.282854642719,-1609.552584323023
236,1,0.866666674613953,0.283333341280619,99998458.77753069,-625.2069232277572,-1384.1215950026037
237,1,0.933333317438761,0.26666667064031,99998978.69170919,2222.8028140999377,-1601.263246717273
238,1,0.916666646798452,0.283333341280619,99999423.55951646,1214.1711454167962,-1449.4806687246962
239,1,0.98333332935969,0.26666667064031,99999978.40804477,4419.483904734254,-1180.834263262837
240,1,0.966666658719381,0.283333341280619,99999966.76666518,2519.225300896913,-666.0919599742189
241,1,0.0333333338300387,0.316666672627131,94007661.71348934,12942486.672402486,-7084541.6708973935
242,1,0.0166666669150194,0.333333333333333,103378004.92965451,31013401.47889635,-14472571.04999125
243,1,0.0833333345750968,0.316666672627131,97546743.00173992,6124176.2079915255,-3989594.6775419894
244,1,0.0666666676600774,0.333333333333333,102310827.03804635,15433436.269769587,-7778571.102951462
245,1,0.133333337803682,0.316666672627131,99392860.02004206,2783861.0401538797,-1523352.4779697733
246,1,0.116666669646899,0.333333333333333,100454940.48883858,6996635.454121128,-2943504.99097739
247,1,0.183333337306976,0.316666672627131,100161486.75272314,1125972.6716433503,-138618.36200776318
248,1,0.16666667163372,0.333333333333333,99360166.64930522,2774053.0289328173,-366591.90910151607
249,1,0.233333334326744,0.316666672627131,100392157.97685838,330730.4944988042,457383.7260812167
250,1,0.216666668653488,0.333333333333333,98980787.42919092,771762.8745836727,718628.8952139823
251,1,0.283333341280619,0.316666672627131,100386034.80697499,-15806.554504998028,604346.4180666241
252,1,0.26666667064031,0.333333333333333,99009669.6486743,-84016.00395642221,993270.7433697984
253,1,0.333333333333333,0.316666672627131,100297492.4010903,-136130.1964923106,543763.4626074845
254,1,0.316666672627131,0.333333333333333,99205103.55174021,-370085.9310754314,900856.2352049178
255,1,0.383333335320155,0.316666672627131,100199509.873424,-151666.41565132514,415237.7870603019
256,1,0.366666664679845,0.333333333333333,99430191.75247961,-396320.391075518,688230.4319434558
257,1,0.433333327372869,0.316666672627131,100120260.17060533,-126502.12332004681,286359.2119373616
258,1,0.416666666666667,0.333333333333333,99624051.35733482,-324303.9704780765,473208.2358989
259,1,0.48333332935969,0.316666672627131,100065413.14777873,-91835.06902959198,182662.06476933399
260,1,0.466666658719381,0.333333333333333,99768965.88884412,-231890.40784841403,300182.04185146466
261,1,0.533333341280619,0.316666672627131,100031404.5797995,-60790.279311615974,108639.90515282354
262,1,0.51666667064031,0.333333333333333,99867580.92175066,-151184.73683802038,177083.26599031634
263,1,0.583333353201548,0.316666672627131,100012290.689455,-37338.03121647984,60077.905623652856
264,1,0.566666682561239,0.333333333333333,99929827.69596285,-91263.34446261078,96797.84292209787
265,1,0.633333325386047,0.316666672627131,100002668.99973753,-21359.322397723794,30393.630814864377
266,1,0.616666674613953,0.333333333333333,99966461.91565728,-51086.66335579008,48145.20484285633
267,1,0.683333317438761,0.316666672627131,99998548.48573622,-11293.962023299187,13440.63476141355
268,1,0.666666646798452,0.333333333333333,99986454.36316481,-26223.71336954832,20716.292273202787
269,1,0.73333332935969,0.316666672627131,99997322.02875,-5377.345331527293,4448.892922048646
270,1,0.716666658719381,0.333333333333333,99996361.42584546,-11950.079990528524,6477.097505457159
271,1,0.783333341280619,0.316666672627131,99997443.78941087,-2116.777094513178,99.5015638893121
272,1,0.76666667064031,0.333333333333333,100000565.6840699,-4404.248735554516,-125.1524098698391
273,1,0.833333353201548,0.316666672627131,99998079.72117293,-394.5600678808987,-1724.989898537829
274,1,0.816666682561239,0.333333333333333,100001796.90999883,-810.8409181274474,-2613.697131892812
275,1,0.883333325386047,0.316666672627131,99998823.624655,590.950157828629,-2249.6352683343057
276,1,0.866666674613953,0.333333333333333,100001659.01021416,679.2266444936395,-3036.77422603431
277,1,0.933333317438761,0.316666672627131,99999488.68443622,1431.254211269319,-2062.2490293767714
278,1,0.916666646798452,0.333333333333333,100001058.71274997,1261.4765863083303,-2439.2401213663475
279,1,0.98333332935969,0.316666672627131,99999955.9951655,2483.3203019835055,-1270.0724049586952
280,1,0.966666658719381,0.333333333333333,100000501.86721508,1735.2090449258685,-1215.6237756194887
281,1,0.0333333338300387,0.366666664679845,96310996.92934029,7456708.1445156075,-9697157.055808868
282,1,0.0166666669150194,0.383333335320155,117022047.99658574,35106614.39897572,-22717415.580358934
283,1,0.0833333345750968,0.366666664679845,98640552.08975251,3199186.442123499,-4304318.2594151115
284,1,0.0666666676600774,0.383333335320155,100896560.7349177,8832377.28618883,-6428333.901645969
285,1,0.133333337803682,0.366666664679845,98788305.80108291,1441186.4949355386,-1526256.6472650408
286,1,0.116666669646899,0.383333335320155,95671594.13639969,2308499.05611765,-920649.4752040908
287,1,0.183333337306976,0.366666664679845,98706773.42207499,596075.6048320681,-278522.98629439826
288,1,0.16666667163372,0.383333335320155,94957955.63425249,292081.44488640875,812618.1752274099
289,1,0.233333334326744,0.366666664679845,98806733.19259143,191582.08591873944,208657.18736021608
290,1,0.216666668653488,0.383333335320155,95817385.21542545,-270740.85716279596,1137952.825296253
291,1,0.283333341280619,0.366666664679845,99038548.64942737,12247.33188714087,337383.17212563945
292,1,0.26666667064031,0.383333335320155,97007341.88867193,-348235.3052571118,981299.5484832122
293,1,0.333333333333333,0.366666664679845,99300009.69184308,-53732.13073254749,314280.3708308305
294,1,0.316666672627131,0.383333335320155,98055649.17320846,-282622.5109785311,710924.5389653444
295,1,0.383333335320155,0.366666664679845,99529154.71386135,-66443.85313606635,241899.78126707717
296,1,0.366666664679845,0.383333335320155,98833409.65379697,-193712.14214638248,463480.29832563316
297,1,0.433333327372869,0.366666664679845,99704071.30692843,-57570.80516637862,166661.91225474942
298,1,0.416666666666667,0.383333335320155,99353079.31122375,-119266.47392736003,277770.0428220063
299,1,0.48333332935969,0.366666664679845,99825708.40065753,-42748.70180368051,105737.85861637082
300,1,0.466666658719381,0.383333335320155,99673068.85490727,-66871.5407727249,153327.73142537352
301,1,0.533333341280619,0.366666664679845,99904301.15380952,-28783.96330846846,62344.7409218691
302,1,0.51666667064031,0.383333335320155,99855606.45877755,-33779.284367676824,76799.74525415446
303,1,0.583333353201548,0.366666664679845,99951823.37780648,-17944.404984425753,34052.19100741351
304,1,0.566666682561239,0.383333335320155,99951275.24599105,-14691.735654011369,33324.04629175706
305,1,0.633333325386047,0.366666664679845,99978665.11767936,-10409.323282178491,16909.275986991455
306,1,0.616666674613953,0.383333335320155,99996022.36109611,-4684.709997534752,10694.93693145836
307,1,0.683333317438761,0.366666664679845,99992650.09509864,-5571.2735900729895,7226.880905907915
308,1,0.666666646798452,0.383333335320155,100013154.8347807,-62.40815178304911,223.21798884444001
309,1,0.73333332935969,0.366666664679845,99999147.95117253,-2661.6622342169285,2159.304555662849
310,1,0.716666658719381,0.383333335320155,100016667.65423685,1633.994151391089,-3714.0614500752777
311,1,0.783333341280619,0.366666664679845,100001584.82233004,-1007.1212011389434,-257.41410411481576
312,1,0.76666667064031,0.383333335320155,100014350.2678893,1899.0327808186412,-4476.690903613487
313,1,0.833333353201548,0.366666664679845,100002008.99263069,-103.8988119661808,-1261.0028358645532
314,1,0.816666682561239,0.383333335320155,100010180.67682959,1571.6351487226784,-3912.1769557666926
315,1,0.883333325386047,0.366666664679845,100001570.08893426,382.8223781660199,-1541.4794347018103
316,1,0.866666674613953,0.383333335320155,100005995.71974719,1092.1193229854107,-2923.957755045439
317,1,0.933333317438761,0.366666664679845,100000870.23020664,633.2014418467879,-1363.3056301853746
318,1,0.916666646798452,0.383333335320155,100002607.0028912,693.8965652473271,-1847.2392707816734
319,1,0.98333332935969,0.366666664679845,100000182.21718912,669.7089583836496,-597.9882972609532
320,1,0.966666658719381,0.383333335320155,100000573.98830342,544.3288708850741,-669.7089583617187
