"x","sigma_x_uniform","sigma_x_fixed","sigma_y","tau_xy"
0,100,106.987847222222,-3.14453125,7.94920634920635
0.00416666666666667,100,106.654534808216,-2.99454066369697,7.74214019516008
0.00833333333333333,100,106.32529739128,-2.84638382607584,7.53613175177175
0.0125,100,106.003124697131,-2.70140611370913,7.3320127359159
0.0166666666666667,100,105.690094416313,-2.56054248734087,7.13041787772237
0.0208333333333333,100,105.387603579346,-2.42442161070579,6.93182837642558
0.025,100,105.09654257978,-2.29344416090112,6.73660570533935
0.0291666666666667,100,104.817425971337,-2.16784168710155,6.54501789381273
0.0333333333333333,100,104.550490714504,-2.04772082152658,6.35725995148645
0.0375,100,104.295769931861,-1.93309646933759,6.1734697367706
0.0416666666666667,100,104.053148250108,-1.82391671254873,5.99374028619972
0.0458333333333333,100,103.822403307688,-1.72008148845948,5.81812939759809
0.05,100,103.603236873953,-1.62145659327905,5.64666708470287
0.0541666666666667,100,103.395298170468,-1.52788417671071,5.47936138370495
0.0583333333333333,100,103.198201340045,-1.43919060302015,5.31620288491869
0.0625,100,103.011538523354,-1.35519233550925,5.15716827905104
0.0666666666666667,100,102.834889637502,-1.27570033687594,5.00222314224148
0.0708333333333333,100,102.667829676442,-1.20052335439874,4.85132413319643
0.075,100,102.509934147083,-1.12947036618744,4.70442073620801
0.0791666666666667,100,102.360783100614,-1.06235239527628,4.56145665315831
0.0833333333333333,100,102.21996410299,-0.998983846345606,4.42237092383031
0.0875,100,102.087074402202,-0.939183480991033,4.28709883545315
0.0916666666666667,100,101.961722485413,-0.882775118436055,4.15557266821109
0.0958333333333333,100,101.843529170955,-0.829588126929699,4.02772231250851
0.1,100,101.732128344283,-0.779457754927212,3.90347578537735
0.104166666666667,100,101.627167420267,-0.732225339120137,3.78275966696769
0.108333333333333,100,101.528307594256,-0.68773841741538,3.66549947313286
0.1125,100,101.435223929503,-0.645850768276242,3.55161997635924
0.116666666666667,100,101.347605317435,-0.606422392845882,3.44104548442994
0.120833333333333,100,101.265154338974,-0.569319452538097,3.33370008404034
0.125,100,101.187587048836,-0.534414171976277,3.22950785494079
0.129166666666667,100,101.114632700105,-0.501584715047344,3.12839305894172
0.133333333333333,100,101.046033422743,-0.470715040234198,3.03028030718275
0.1375,100,100.981543867034,-0.441694740165314,2.935094708366
0.141666666666667,100,100.920930820835,-0.414418869375844,2.84276200012662
0.145833333333333,100,100.863972807864,-0.388787763538829,2.75320866531859
0.15,100,100.810459672989,-0.364706852845135,2.66636203469672
0.154166666666667,100,100.760192159439,-0.342086471747408,2.58215037725132
0.158333333333333,100,100.712981482019,-0.320841666908383,2.50050297928248
0.1625,100,100.668648899747,-0.300892004886266,2.42135021316968
0.166666666666667,100,100.627025290743,-0.282161380834335,2.34462359669183
0.170833333333333,100,100.587950731727,-0.264577829277087,2.27025584367174
0.175,100,100.551274084095,-0.248073337842878,2.19818090665429
0.179166666666667,100,100.516852588171,-0.232583664676832,2.12833401227312
0.183333333333333,100,100.484551466941,-0.218048160123248,2.06065168991427
0.1875,100,100.454243540334,-0.204409593150241,1.99507179424434
0.191666666666667,100,100.425808850863,-0.191613982888196,1.93153352213431
0.195833333333333,100,100.399134301257,-0.17961043556572,1.86997742447581
0.2,100,100.374113304556,-0.168350987050357,1.81034541335584
0.204166666666667,100,100.350645446967,-0.157790451135032,1.75258076502557
0.208333333333333,100,100.328636163675,-0.147886273653839,1.69662811907095
0.2125,100,100.307996427692,-0.138598392461352,1.64243347416559
0.216666666666667,100,100.288642451705,-0.129889103267305,1.58994418076051
0.220833333333333,100,100.27049540285,-0.121722931282386,1.53910893104075
0.225,100,100.253481130223,-0.114066508600471,1.48987774645471
0.229166666666667,100,100.237529904927,-0.106888457217157,1.4422019630998
0.233333333333333,100,100.222576172363,-0.100159277563421,1.39603421522621
0.2375,100,100.20855831648,-0.0938512424161406,1.35132841710003
0.241666666666667,100,100.19541843563,-0.0879382960336102,1.30803974344767
0.245833333333333,100,100.183102129675,-0.0823959583535833,1.26612460868504
0.25,100,100.171558297963,-0.0772012340834948,1.22554064511763
0.254166666666667,100,100.160738947793,-0.0723325265069453,1.18624668028146
0.258333333333333,100,100.150599012949,-0.0677695558269757,1.1482027135796
0.2625,100,100.141096181922,-0.063493281864859,1.1113698923547
0.266666666666667,100,100.132190735406,-0.0594858309328147,1.07571048752477
0.270833333333333,100,100.123845392667,-0.0557304266999992,1.04118786889708
0.275,100,100.116025166385,-0.0522113248731396,1.00776648026366
0.279166666666667,100,100.108697225591,-0.0489137515160758,0.975411814371382
0.283333333333333,100,100.101830766302,-0.0458238448361064,0.9440903878496
0.2875,100,100.095396889487,-0.0429286002692576,0.913769716169722
0.291666666666667,100,100.089368486003,-0.0402158187012789,0.884418288702466
0.295833333333333,100,100.083720128147,-0.0376740576662306,0.856005543931209
0.3,100,100.078427967489,-0.0352925853698474,0.828501844872813
0.304166666666667,100,100.073469638645,-0.0330613373903798,0.801878454750972
0.308333333333333,100,100.068824168701,-0.030970875915254,0.776107512961368
0.3125,100,100.06447189195,-0.0290123513775895,0.751162011362664
0.316666666666667,100,100.060394369694,-0.0271774663623301,0.727015770922532
0.320833333333333,100,100.056574314794,-0.0254584416574259,0.703643418743651
0.325,100,100.052995520736,-0.0238479843311298,0.68102036549061
0.329166666666667,100,100.049642794938,-0.0223392577219954,0.659122783235166
0.333333333333333,100,100.046501896075,-0.0209258532335774,0.637927583734057
0.3375,100,100.04355947518,-0.019601763831111,0.617412397150726
0.341666666666667,100,100.040803020317,-0.0183613591425693,0.597555551229723
0.345833333333333,100,100.038220804603,-0.0171993620714631,0.578336050930217
0.35,100,100.035801837408,-0.0161108268335388,0.559733558523015
0.354166666666667,100,100.03353581852,-0.0150911183341427,0.541728374153604
0.358333333333333,100,100.031413095128,-0.0141358928074602,0.524301416872139
0.3625,100,100.029424621429,-0.01324107964309,0.507434206129799
0.366666666666667,100,100.027561920732,-0.0124028643294838,0.491108843739699
0.370833333333333,100,100.025817049884,-0.0116176724476779,0.475307996299386
0.375,100,100.024182565894,-0.0108821546524538,0.460014878070977
0.379166666666667,100,100.022651494626,-0.0101931725816027,0.445213234314139
0.383333333333333,100,100.021217301416,-0.00954778563734009,0.430887325066351
0.3875,100,100.019873863527,-0.00894323858711349,0.417021909364264
0.391666666666667,100,100.018615444298,-0.00837694993408924,0.40360222989943
0.395833333333333,100,100.017436668912,-0.00784650101048592,0.390613998101174
0.4,100,100.016332501666,-0.0073496257496557,0.378043379639053
0.404166666666667,100,100.015298224656,-0.00688420109540269,0.365876980336968
0.408333333333333,100,100.014329417799,-0.00644823800947603,0.354101832490783
0.4125,100,100.01342194009,-0.00603987304049138,0.342705381581068
0.416666666666667,100,100.012571912044,-0.00565736041972253,0.33167547337245
0.420833333333333,100,100.011775699225,-0.0052990646512712,0.321000341390943
0.425,100,100.011029896813,-0.00496345356607367,0.310668594770535
0.429166666666667,100,100.010331315136,-0.00464909181104284,0.300669206460292
0.433333333333333,100,100.009676966103,-0.00435463474637927,0.290991501783239
0.4375,100,100.009064050502,-0.00407882272571995,0.281625147338258
0.441666666666667,100,100.008489946079,-0.00382047573533373,0.272560140236327
0.445833333333333,100,100.007952196378,-0.00357848837002359,0.263786797662464
0.45,100,100.007448500277,-0.00335182512476111,0.255295746754831
0.454166666666667,100,100.006976702183,-0.00313951598236378,0.247077914792531
0.458333333333333,100,100.006534782842,-0.0029406522787353,0.239124519683767
0.4625,100,100.00612085073,-0.00275438282832546,0.231427060746135
0.466666666666667,100,100.005733133986,-0.00257991029353612,0.223977309770955
0.470833333333333,100,100.005369972851,-0.00241648778280443,0.216767302363691
0.475,100,100.005029812585,-0.0022634156630391,0.209789329552644
0.479166666666667,100,100.004711196829,-0.00212003857297319,0.203035929658269
0.483333333333333,100,100.004412761389,-0.00198574262483037,0.19649988041561
0.4875,100,100.004133228406,-0.00185995278248486,0.190174191342507
0.491666666666667,100,100.0038714009,-0.00174213040503033,0.184052096346399
0.495833333333333,100,100.003626157656,-0.00163177094536377,0.178127046562704
0.5,100,100.003396448431,-0.001528401794038,0.172392703417914
0.504166666666667,100,100.003181289465,-0.00143158025924526,0.166842931910728
0.508333333333333,100,100.002979759276,-0.0013408916743647,0.161471794104683
0.5125,100,100.002790994722,-0.00125594762504289,0.156273542825945
0.516666666666667,100,100.002614187307,-0.00117638428827849,0.151242615560031
0.520833333333333,100,100.002448579725,-0.00110186087645421,0.146373628541455
0.525,100,100.002293462622,-0.00103205817970129,0.141661371030403
0.529166666666667,100,100.002148171556,-0.000966677200396696,0.13710079977073
0.533333333333333,100,100.002012084164,-0.000905437873982305,0.132687033623704
0.5375,100,100.00188461749,-0.000848077870660325,0.128415348372103
0.541666666666667,100,100.001765225495,-0.000794351472861322,0.124281171689399
0.545833333333333,100,100.001653396719,-0.000744028523702096,0.12028007826891
0.55,100,100.001548652093,-0.0006968934419515,0.116407785107981
0.554166666666667,100,100.001450542887,-0.000652744299304343,0.112660146942337
0.558333333333333,100,100.001358648791,-0.000611391956027852,0.109033151825963
0.5625,100,100.001272576114,-0.000572659251293118,0.105522916851929
0.566666666666667,100,100.001191956099,-0.000536380244736242,0.102125684009778
0.570833333333333,100,100.001116443347,-0.000502399506011648,0.0988378161751739
0.575,100,100.001045714332,-0.000470571449304193,0.0956557932276602
0.579166666666667,100,100.000979466022,-0.000440759709957991,0.0925762082925073
0.583333333333333,100,100.000917414579,-0.000412836560559148,0.089595764102723
0.5875,100,100.000859294142,-0.000386682363977651,0.0867112694774469
0.591666666666667,100,100.000804855691,-0.000362185061031112,0.0839196359130449
0.595833333333333,100,100.000753865979,-0.000339239690580627,0.0812178742833408
0.6,100,100.000706106533,-0.000317747940007286,0.0786030916455297
0.604166666666667,100,100.00066137272,-0.000297617724147453,0.07607248814842
0.608333333333333,100,100.000619472869,-0.000278762790886313,0.0736233540397585
0.6125,100,100.000580227448,-0.000261102351722995,0.0712530667694915
0.616666666666667,100,100.000543468302,-0.00024456073572712,0.0689590881859116
0.620833333333333,100,100.000509037923,-0.00022906706540653,0.0667389618217327
0.625,100,100.000476788785,-0.000214554953099514,0.0645903102672347
0.629166666666667,100,100.000446582704,-0.000200962216592519,0.0625108326276984
0.633333333333333,100,100.000418290251,-0.000188230612746471,0.0604983020624454
0.6375,100,100.000391790196,-0.000176305587991793,0.0585505634028806
0.641666666666667,100,100.000366968988,-0.000165136044624289,0.0566655308470123
0.645833333333333,100,100.000343720271,-0.000154674121901615,0.0548411857280094
0.65,100,100.000321944424,-0.000144874991003352,0.0530755743544297
0.654166666666667,100,100.00030154814,-0.000135696662976927,0.0513668059198263
0.658333333333333,100,100.00028244402,-0.000127099808847225,0.0497130504795141
0.6625,100,100.000264550203,-0.000119047591119715,0.0481125369923481
0.666666666666667,100,100.000247790013,-0.000111505505955663,0.0465635514254304
0.670833333333333,100,100.000232091634,-0.000104441235343674,0.0450644349197318
0.675,100,100.000217387797,-9.78245086345497e-05,0.0436135820146776
0.679166666666667,100,100.000203615495,-9.16269728465432e-05,0.0422094389298057
0.683333333333333,100,100.000190715714,-8.58220711855908e-05,0.0408505019016702
0.6875,100,100.000178633176,-8.03849292602936e-05,0.0395353155742172
0.691666666666667,100,100.000167316108,-7.52922485043262e-05,0.038262471440919
0.695833333333333,100,100.000156716014,-7.05222063498185e-05,0.0370306063370062
0.7,100,100.000146787473,-6.60543627241493e-05,0.0358384009801893
0.704166666666667,100,100.000137487939,-6.18695724696594e-05,0.0346845785583151
0.708333333333333,100,100.000128777563,-5.79499033111529e-05,0.0335679033624497
0.7125,100,100.00012061902,-5.42785590198088e-05,0.0324871794639317
0.716666666666667,100,100.00011297735,-5.08398074443675e-05,0.0314412494339806
0.720833333333333,100,100.000105819807,-4.76189131013097e-05,0.030428993104497
0.725,100,100.00009911572,-4.46020740352574e-05,0.0294493263687289
0.729166666666667,100,100.000092836362,-4.17763626791193e-05,0.0285012000205253
0.733333333333333,100,100.000086954823,-3.91296704606284e-05,0.0275835986309347
0.7375,100,100.000081445902,-3.66506559179692e-05,0.0266955394609519
0.741666666666667,100,100.000076285991,-3.43286961022136e-05,0.0258360714092478
0.745833333333333,100,100.00007145298,-3.21538410583694e-05,0.0250042739937604
0.75,100,100.000066926158,-3.0116771190027e-05,0.024199256366057
0.754166666666667,100,100.000062686127,-2.82087573249422e-05,0.0234201563574147
0.758333333333333,100,100.000058714718,-2.64216233104633e-05,0.0226661395555991
0.7625,100,100.000054994913,-2.47477109785453e-05,0.0219363984113547
0.766666666666667,100,100.000051510772,-2.31798473302475e-05,0.0212301513736503
0.770833333333333,100,100.000048247364,-2.1711313799114e-05,0.0205466420527562
0.775,100,100.000045190705,-2.03358174617479e-05,0.0198851384102572
0.779166666666667,100,100.000042327698,-1.90474640722253e-05,0.0192449319751343
0.783333333333333,100,100.000039646073,-1.78407328048145e-05,0.018625337085079
0.7875,100,100.000037134339,-1.67104525967799e-05,0.0180256901522255
0.791666666666667,100,100.000034781733,-1.56517799899064e-05,0.0174453489525177
0.795833333333333,100,100.000032578174,-1.46601783758036e-05,0.0168836919379492
0.8,100,100.000030514219,-1.37313985560573e-05,0.0163401175709411
0.804166666666667,100,100.000028581023,-1.28614605339366e-05,0.015814043680145
0.808333333333333,100,100.000026770303,-1.20466364596339e-05,0.0153049068369825
0.8125,100,100.000025074299,-1.12834346559638e-05,0.0148121617522524
0.816666666666667,100,100.000023485744,-1.05685846560709e-05,0.014335280692162
0.820833333333333,100,100.000021997829,-9.89902318903644e-06,0.0138737529131559
0.825,100,100.00002060418,-9.27188105333246e-06,0.0134270841149375
0.829166666666667,100,100.000019298824,-8.68447082187772e-06,0.0129947959110987
0.833333333333333,100,100.000018076167,-8.13427532601195e-06,0.0125764253167904
0.8375,100,100.000016930971,-7.61893686904287e-06,0.0121715242528852
0.841666666666667,100,100.000015858327,-7.13624712314604e-06,0.011779659066102
0.845833333333333,100,100.000014853639,-6.68413766632635e-06,0.0114004100645789
0.85,100,100.000013912602,-6.26067111889136e-06,0.0110333710683963
0.854166666666667,100,100.000013031184,-5.86403284145657e-06,0.0106781489745702
0.858333333333333,100,100.000012205607,-5.49252315890814e-06,0.0103343633360493
0.8625,100,100.000011432333,-5.14455007700238e-06,0.0100016459542649
0.866666666666667,100,100.00001070805,-4.81862246039233e-06,0.00967964048479775
0.870833333333333,100,100.000010029653,-4.51334364284888e-06,0.00936800205574043
0.875,100,100.000009394234,-4.22740544229557e-06,0.00906639689834455
0.879166666666667,100,100.000008799072,-3.95958255501127e-06,0.00877450198955952
0.883333333333333,100,100.000008241616,-3.70872730497917e-06,0.00849200470607877
0.8875,100,100.000007719477,-3.47376472588276e-06,0.00821860248952353
0.891666666666667,100,100.000007230418,-3.25368795467428e-06,0.00795400252240542
0.895833333333333,100,100.000006772342,-3.04755391697707e-06,0.00769792141452114
0.9,100,100.000006343287,-2.85447928583278e-06,0.00745008489944318
0.904166666666667,100,100.000005941415,-2.6736366964764e-06,0.00721022754078161
0.908333333333333,100,100.000005565003,-2.50425120091906e-06,0.00697809244790264
0.9125,100,100.000005212438,-2.34559694714565e-06,0.00675343100079914
0.916666666666667,100,100.000004882209,-2.19699406869752e-06,0.00653600258381887
0.920833333333333,100,100.000004572902,-2.05780577131146e-06,0.00632557432796496
0.925,100,100.00000428319,-1.92743560413085e-06,0.00612192086149298
0.929166666666667,100,100.000004011833,-1.80532490379569e-06,0.00592482406853721
0.933333333333333,100,100.000003757668,-1.69095040045902e-06,0.00573407285550792
0.9375,100,100.000003519604,-1.58382197547119e-06,0.00554946292500925
0.941666666666667,100,100.000003296623,-1.48348056112324e-06,0.00537079655703574
0.945833333333333,100,100.000003087769,-1.38949617344939e-06,0.00519788239721313
0.95,100,100.000002892147,-1.301466069659e-06,0.00503053525185662
0.954166666666667,100,100.000002708918,-1.21901302230218e-06,0.00486857588962722
0.958333333333333,100,100.000002537297,-1.1417837027736e-06,0.00471183084957358
0.9625,100,100.000002376549,-1.06944716722742e-06,0.00456013225535403
0.966666666666667,100,100.000002225985,-1.0016934384154e-06,0.00441331763543952
0.970833333333333,100,100.00000208496,-9.38232177370982e-07,0.00427122974910517
0.975,100,100.00000195287,-8.78791439247235e-07,0.00413371641802401
0.979166666666667,100,100.000001829148,-8.23116507977338e-07,0.00400063036328244
0.983333333333333,100,100.000001713264,-7.70968804763773e-07,0.00387182904764306
0.9875,100,100.000001604722,-7.22124865718963e-07,0.00374717452288571
0.991666666666667,100,100.000001503056,-6.76375384276351e-07,0.00362653328206346
0.995833333333333,100,100.000001407832,-6.33524314268438e-07,0.00350977611651516
1,100,100.00000131864,-5.93388029828314e-07,0.0033967779774814
