Element,xc,yc,S11,S22,S12,E11,E22,G12
1,0.0277777777777778,-0.186666666666667,122270255.642791,8920805.4334701,17875067.9587555,0.00056949530482262,-0.000132191767901749,0.00022131036520364
2,0.0138888888888889,-0.173333333333333,106212800.111774,31863840.0335323,16815973.3747822,0.000460255467151022,0,0.000208197765592542
3,0.0694444444444444,-0.186666666666667,99669316.9865221,1503207.58120459,5257942.0192212,0.000472468355772194,-0.000135226607213105,6.50983297617863e-05
4,0.0555555555555556,-0.173333333333333,103173022.426167,3191635.46848282,3821833.15126286,0.000486740627550582,-0.000132191767901749,4.73179342537306e-05
5,0.111111111111111,-0.186666666666667,94417954.813221,-41235.3564712107,1925007.36480848,0.000449668216286487,-0.000135079151430655,2.38334245166764e-05
6,0.0972222222222222,-0.173333333333333,100313324.005945,1696409.68703154,-216634.332852201,0.000475259052856361,-0.000135226607213105,-2.68213935912249e-06
7,0.152777777777778,-0.186666666666667,93778618.2276932,-431828.836901132,608040.438780837,0.000447181747041731,-0.000136025782405758,7.52811971823893e-06
8,0.138888888888889,-0.173333333333333,98907151.3529841,1305523.60545772,-1311244.24270179,0.000469121401292128,-0.000135079151430655,-1.62344525286888e-05
9,0.194444444444444,-0.186666666666667,94626570.8599084,-473998.676290341,46889.4854960127,0.000451279859346645,-0.000137437952067918,5.8053648709349e-07
10,0.180555555555556,-0.173333333333333,98453160.1908791,970533.752054598,-1422074.96570717,0.00046743809554887,-0.000136025782405758,-1.7606642432565e-05
11,0.236111111111111,-0.186666666666667,95842092.4903376,-405322.068223938,-173748.133160018,0.000456969948146689,-0.000138847380072977,-2.15116736293356e-06
12,0.222222222222222,-0.173333333333333,98492602.4148768,685810.790200189,-1213790.25070771,0.000468032662751508,-0.000137437952067918,-1.50278792944765e-05
13,0.277777777777778,-0.186666666666667,96994958.2323791,-311398.30371391,-234519.333022681,0.000462325608207111,-0.00014004707511156,-2.90357269456653e-06
14,0.263888888888889,-0.173333333333333,98738707.4513904,463662.420091908,-933002.979199302,0.000469521946311252,-0.000138847380072977,-1.15514654567533e-05
15,0.319444444444444,-0.186666666666667,97939118.8073891,-223929.596740484,-223420.810695511,0.000466696655649577,-0.000140979358280749,-2.7661624181349e-06
16,0.305555555555556,-0.173333333333333,99035431.6523581,300743.722279787,-671874.818986823,0.000471167659693687,-0.00014004707511156,-8.31845013983686e-06
17,0.361111111111111,-0.186666666666667,98651068.4972847,-153048.911944475,-184828.306077491,0.000469985634146991,-0.000141658902195857,-2.28835045619751e-06
18,0.347222222222222,-0.173333333333333,99308486.7708804,186880.792306907,-460050.891604252,0.000472630583491373,-0.000140979358280749,-5.69586818176693e-06
19,0.402777777777778,-0.186666666666667,99157240.3476138,-99955.1268008053,-140622.991446771,0.000472320128026924,-0.000142129177290881,-1.74104656076954e-06
20,0.388888888888889,-0.173333333333333,99529937.5700969,110611.809899196,-301096.670238363,0.000473794066795844,-0.000141658902195857,-3.7278635362845e-06
21,0.444444444444444,-0.186666666666667,99499897.3730976,-62367.2333333828,-100674.858054252,0.000473898131157608,-0.000142439697358394,-1.24645062352883e-06
22,0.430555555555556,-0.173333333333333,99695773.8327618,61604.9187435769,-188327.753017002,0.000474653773129232,-0.000142129177290881,-2.33167694211527e-06
23,0.486111111111111,-0.186666666666667,99721452.2901352,-36989.6318408921,-68504.9345540509,0.000474916900855655,-0.00014263535866134,-8.48156332573964e-07
24,0.472222222222222,-0.173333333333333,99812735.1734525,31484.1067730673,-112017.862302418,0.000475253761625812,-0.000142439697358394,-1.38688781898232e-06
25,0.527777777777778,-0.186666666666667,99858054.1566615,-20607.0978514068,-44458.5392685633,0.000475543982314366,-0.000142752492118333,-5.50439057610784e-07
26,0.513888888888889,-0.173333333333333,99891101.3708277,13905.0923668742,-62632.8573107739,0.000475652046871989,-0.00014263535866134,-7.75454423847678e-07
27,0.569444444444445,-0.186666666666667,99937823.5333469,-10514.7799127847,-27479.0444882118,0.000475909418892004,-0.00014281838971389,-3.40216741282623e-07
28,0.555555555555555,-0.173333333333333,99941100.4257065,4306.78286210448,-32120.0623491678,0.000475903849480228,-0.000142752492118333,-3.97676962418268e-07
29,0.611111111111111,-0.186666666666667,99981277.9146654,-4623.34815822542,-16062.7766262902,0.000476107928186252,-0.000142852412964561,-1.98872472515974e-07
30,0.597222222222222,-0.173333333333333,99971390.0089394,-444.837235078216,-14237.1615777468,0.000476054873619571,-0.00014281838971389,-1.76269619534008e-07
31,0.652777777777778,-0.186666666666667,100002627.542145,-1414.51578740031,-8733.80528289627,0.000476205009032765,-0.000142867632278242,-1.08132827312049e-07
32,0.638888888888889,-0.173333333333333,99988647.5274206,-2412.4643316716,-4432.86575251446,0.000476139863174858,-0.000142852412964561,-5.48830997930362e-08
33,0.694444444444445,-0.186666666666667,100011258.69435,160.961703337729,-4245.12147603777,0.000476243859075424,-0.000142872460221913,-5.25586468461819e-08
34,0.680555555555555,-0.173333333333333,99997693.8592112,-2894.62066740543,447.899165455441,0.000476183629740054,-0.000142867632278242,5.54541823897213e-09
35,0.736111111111111,-0.186666666666667,100013083.753904,795.932783935219,-1632.90890234449,0.00047625164273366,-0.000142872043778034,-2.02169673623603e-08
36,0.722222222222222,-0.173333333333333,100001826.53609,-2668.68577459082,2493.06430618277,0.000476202986389632,-0.000142872460221913,3.0866510457501e-08
37,0.777777777777778,-0.186666666666667,100011638.861476,928.677425671369,-200.233182738756,0.000476244572658324,-0.000142869347528653,-2.47907750057508e-09
38,0.763888888888889,-0.173333333333333,100003192.97304,-2171.30147520453,3020.00563380165,0.00047620878268325,-0.000142872043778034,3.73905459423061e-08
39,0.819444444444445,-0.186666666666667,100008915.775862,826.476106442511,525.408780105003,0.000476231751585858,-0.000142865944079296,6.50506108701432e-09
40,0.805555555555555,-0.173333333333333,100003125.624357,-1625.2937098667,2814.39537217007,0.000476207681964144,-0.000142869347528653,3.48448950840104e-08
41,0.861111111111111,-0.186666666666667,100005964.378491,650.095179181546,836.107385490243,0.000476217949285417,-0.000142862567706515,1.03518057251173e-08
42,0.847222222222222,-0.173333333333333,100002411.699612,-1124.74676865712,2307.93269704767,0.00047620356725544,-0.000142865944079296,2.85744048205902e-08
43,0.902777777777778,-0.186666666666667,100003320.143485,497.471888460219,877.948894794025,0.000476205575723421,-0.00014285951700551,1.08698434593546e-08
44,0.888888888888889,-0.173333333333333,100001496.5178,-690.263028297573,1702.35822163421,0.000476198588555753,-0.000142862567706515,2.10768160773759e-08
45,0.944444444444445,-0.186666666666667,100001308.02809,406.487076960504,680.647731205976,0.000476196124199843,-0.000142857075815953,8.42706714826447e-09
46,0.930555555555555,-0.173333333333333,100000635.027952,-308.062771547586,1053.68188433119,0.000476193940222776,-0.00014285951700551,1.30455852345767e-08
47,0.986111111111111,-0.186666666666667,100000242.050254,223.073513876647,232.368244117474,0.000476191310134284,-0.000142856426388392,2.87694016526396e-09
48,0.972222222222222,-0.173333333333333,100000032.608603,23.8612306900322,342.690992004731,0.000476190597382064,-0.000142857075815953,4.24284085339191e-09
49,0.0277777777777778,-0.146666666666667,101123376.991169,14899096.2981813,14513648.0819686,0.000460255467151022,-7.35138895198545e-05,0.000179692785776755
50,0.0138888888888889,-0.133333333333333,99897850.7372001,29969355.22116,11115819.4797043,0.000432890686527867,0,0.000137624431653481
51,0.0694444444444444,-0.146666666666667,104121682.435341,6353835.49906116,8806781.29580052,0.000486740627550582,-0.000118488901102576,0.000109036339852768
52,0.0555555555555556,-0.133333333333333,102014093.774137,15166311.3330716,7223066.37982827,0.000464115239877216,-7.35138895198545e-05,8.94284408931119e-05
53,0.111111111111111,-0.146666666666667,100489360.175536,2283196.91899928,3676023.11749599,0.000475259052856361,-0.000132683862541245,4.55126671689979e-05
54,0.0972222222222222,-0.133333333333333,101769692.12213,5648238.4050979,2466866.24339395,0.000476548669526668,-0.000118488901102576,3.05421534896394e-05
55,0.152777777777778,-0.146666666666667,98697524.0554162,606765.946897808,1152687.67333481,0.000469121401292128,-0.000138107101284414,1.42713711936691e-05
56,0.138888888888889,-0.133333333333333,101059766.67833,2454318.8698375,7828.42676839635,0.000477730814368469,-0.000132683862541245,9.69233790372882e-08
57,0.194444444444444,-0.146666666666667,98138902.3943368,-76992.2364196293,-3877.18877260267,0.00046743809554887,-0.000140565061689146,-4.80032895655569e-08
58,0.180555555555556,-0.133333333333333,100503766.665637,1148638.72996395,-994613.890004474,0.000476948452603083,-0.000138107101284414,-1.23142672095792e-05
59,0.236111111111111,-0.146666666666667,98190750.5214411,-320362.18791898,-465258.878242932,0.000468032662751508,-0.000141798034973101,-5.76034801634106e-06
60,0.222222222222222,-0.133333333333333,100168134.668474,531777.445821475,-1250662.31349702,0.000476231435403464,-0.000140565061689146,-1.54843905480583e-05
61,0.277777777777778,-0.146666666666667,98489980.4714446,-365427.513060775,-582165.45716251,0.000469521946311252,-0.000142440103116639,-7.20776280296442e-06
62,0.263888888888889,-0.133333333333333,99996548.0641769,221377.074901771,-1165013.82117346,0.000475857785436697,-0.000141798034973101,-1.44239806431e-05
63,0.319444444444444,-0.146666666666667,98847080.529346,-327093.354427204,-541642.54874508,0.000471167659693687,-0.000142767702443957,-6.70605060351052e-06
64,0.305555555555556,-0.133333333333333,99925365.2007861,65187.9057416506,-951899.983360939,0.000475741946805064,-0.000142440103116639,-1.17854283654211e-05
65,0.361111111111111,-0.146666666666667,99174067.2096643,-261184.411746643,-442208.122677242,0.000472630583491373,-0.000142920974164981,-5.47495770933729e-06
66,0.347222222222222,-0.133333333333333,99908180.1463741,-8763.4693187885,-717869.280442237,0.000475765758034141,-0.000142767702443957,-8.88790537690389e-06
67,0.402777777777778,-0.146666666666667,99438582.4794113,-193905.159052745,-333129.521337699,0.000473794066795844,-0.000142978475727982,-4.12446074037152e-06
68,0.388888888888889,-0.133333333333333,99916134.5818331,-38564.2000960037,-510244.279843941,0.000475846208770771,-0.000142920974164981,-6.31731013140118e-06
69,0.444444444444444,-0.146666666666667,99636441.5475888,-136169.365166277,-236411.389046416,0.000474653773129232,-0.000142986199187823,-2.92699815009848e-06
70,0.430555555555556,-0.133333333333333,99933090.9544653,-45552.6165365689,-344968.740733771,0.000475936936854411,-0.000142978475727982,-4.27104155194193e-06
71,0.486111111111111,-0.146666666666667,99775954.4689803,-91118.241467353,-159490.527622364,0.000475253761625812,-0.000142970974200769,-1.97464462770545e-06
72,0.472222222222222,-0.133333333333333,99950955.1533183,-41815.2834474221,-222496.622909656,0.000476016665420726,-0.000142986199187823,-2.75472009316716e-06
73,0.527777777777778,-0.146666666666667,99869468.7851905,-58203.5264239535,-102568.177463836,0.000475652046871989,-0.000142947829342767,-1.26989172098083e-06
74,0.513888888888889,-0.133333333333333,99966277.4107018,-34021.3589508981,-136652.557284078,0.000476078494373272,-0.000142970974200769,-1.69188880446954e-06
75,0.569444444444445,-0.146666666666667,99929189.5184453,-35396.2413418889,-62739.83476783,0.000475903849480228,-0.00014292453855655,-7.76778906649324e-07
76,0.555555555555555,-0.133333333333333,99978066.2708788,-25624.2807174549,-79341.4207633427,0.000476122635976638,-0.000142947829342767,-9.82322352308053e-07
77,0.611111111111111,-0.146666666666667,99965424.0924245,-20331.2256179117,-36203.5466856327,0.000476054873619571,-0.000142904564063549,-4.48234387536404e-07
78,0.597222222222222,-0.133333333333333,99986490.9992328,-18205.7971056253,-42839.5622213175,0.000476152155896974,-0.00014292453855655,-5.30394579882978e-07
79,0.652777777777778,-0.146666666666667,99986117.7189041,-10845.1593865566,-19336.7069063941,0.000476139863174858,-0.000142888954643132,-2.39406847412499e-07
80,0.638888888888889,-0.133333333333333,99992165.2543103,-12308.877052173,-20725.1948535865,0.000476170751987743,-0.000142904564063549,-2.56597650568214e-07
81,0.694444444444445,-0.146666666666667,99997008.6882947,-5178.52372216806,-9132.90273457736,0.000476183629740054,-0.000142877529191479,-1.13074033856672e-07
82,0.680555555555555,-0.133333333333333,99995784.3722105,-7945.16339462623,-8089.00834601933,0.000476181752005852,-0.000142888954643132,-1.00149627141192e-07
83,0.736111111111111,-0.146666666666667,100002026.376189,-2002.5521119386,-3300.41576212066,0.000476202986389632,-0.000142869573642708,-4.08622903881606e-08
84,0.722222222222222,-0.133333333333333,99997964.6127735,-4891.74637852982,-1403.50461543794,0.000476187772079462,-0.000142877529191479,-1.7376723810184e-08
85,0.777777777777778,-0.146666666666667,100003734.858705,-365.015926912427,-201.623705071451,0.00047620878268325,-0.000142864216540658,-2.49629349136082e-09
86,0.763888888888889,-0.133333333333333,99999189.8144684,-2853.5206281431,1735.58980758929,0.000476190694622175,-0.000142869573642708,2.14882547606293e-08
87,0.819444444444445,-0.146666666666667,100003731.015078,392.675357796252,1265.45103662661,0.000476207681964144,-0.000142860602996026,1.56674890249009e-08
88,0.805555555555555,-0.133333333333333,99999809.5575955,-1542.60625958443,2884.1305124079,0.000476191773045111,-0.000142864216540658,3.5708282534574e-08
89,0.861111111111111,-0.146666666666667,100002964.518697,717.983516536653,1791.04515921816,0.00047620356725544,-0.000142857958914727,2.21748448284154e-08
90,0.847222222222222,-0.133333333333333,100000057.723186,-709.312209628522,2989.0947230822,0.000476191764365948,-0.000142860602996026,3.70078394286368e-08
91,0.902777777777778,-0.146666666666667,100001975.910699,907.713301163167,1761.47102218863,0.000476198588555753,-0.000142855643142421,2.1808688846145e-08
92,0.888888888888889,-0.133333333333333,100000076.544648,-148.408698163927,2575.05866627493,0.000476191052701228,-0.000142857958914727,3.18816787253087e-08
93,0.944444444444445,-0.146666666666667,100001060.101742,1108.8498624973,1351.16248888519,0.000476193940222776,-0.000142853377050762,1.67286784338166e-08
94,0.930555555555555,-0.133333333333333,99999944.6039988,298.321291234344,1876.36661007293,0.000476189786226721,-0.000142855643142421,2.32312056485219e-08
95,0.986111111111111,-0.146666666666667,100000369.036065,1145.28610580415,617.947124780345,0.000476190597382064,-0.000142852216308161,7.65077392585189e-09
96,0.972222222222222,-0.133333333333333,99999723.7237031,707.936450868845,913.921862666504,0.000476188149251275,-0.000142853377050762,1.13152230615853e-08
97,0.0277777777777778,-0.106666666666667,96168417.9974084,17537912.7551877,10301921.390304,0.000432890686527867,-5.38695840192132e-05,0.000127547598165668
98,0.0138888888888889,-0.0933333333333333,97665444.5491307,29299633.3647392,6938854.81113758,0.000423216926379566,0,8.59096309950367e-05
99,0.0694444444444444,-0.106666666666667,100380943.12685,9722475.8421166,7641153.16737051,0.000464115239877216,-9.71038433139928e-05,9.46047535007778e-05
100,0.0555555555555556,-0.0933333333333333,100438293.29999,18818875.3459622,5359175.63176939,0.00045139347950572,-5.38695840192132e-05,6.63516982980973e-05
101,0.111111111111111,-0.106666666666667,101482939.277109,4692395.58836386,4228091.25456608,0.000476548669526668,-0.000122630886641757,5.23477964851039e-05
102,0.0972222222222222,-0.0933333333333333,101712989.084167,10122089.6293116,2809203.65350219,0.000469887439025588,-9.71038433139928e-05,3.47806166624081e-05
103,0.152777777777778,-0.106666666666667,100897494.880404,1913412.87675041,1714621.29726286,0.000477730814368469,-0.000135027788511289,2.12286446327782e-05
104,0.138888888888889,-0.0933333333333333,101904046.194045,4818727.66344448,699315.33658385,0.000478373466166722,-0.000122630886641757,8.65818988151433e-06
105,0.194444444444444,-0.106666666666667,100314404.856419,517432.699240256,325942.419551793,0.000476948452603083,-0.00014084232741755,4.03547757540316e-06
106,0.180555555555556,-0.0933333333333333,101644345.780622,2137468.14681594,-463021.078722313,0.000480967168269415,-0.000135027788511289,-5.73264192703816e-06
107,0.236111111111111,-0.106666666666667,99971452.7717106,-123828.876722544,-321184.392362071,0.000476231435403464,-0.00014340602242017,-3.97656866733993e-06
108,0.222222222222222,-0.0933333333333333,101270964.979458,804400.736151837,-929041.203224278,0.000481093546469583,-0.00014084232741755,-1.15024148970625e-05
109,0.277777777777778,-0.106666666666667,99819720.6426487,-368047.663525663,-548242.798562433,0.000475857785436697,-0.00014435220883962,-6.78776798220156e-06
110,0.263888888888889,-0.0933333333333333,100919539.964209,160597.281027105,-998702.323029454,0.000480339813237625,-0.00014340602242017,-1.23648859041742e-05
111,0.319444444444444,-0.106666666666667,99781627.0968108,-413939.107509229,-561696.89934691,0.000475741946805064,-0.000144516320174059,-6.9543425633427e-06
112,0.305555555555556,-0.0933333333333333,100633661.883267,-123865.291340169,-880917.289101491,0.000479384864146043,-0.00014435220883962,-1.09065950079232e-05
113,0.361111111111111,-0.106666666666667,99799588.1989733,-370736.62732134,-482276.140665252,0.000475765758034141,-0.000144336252795302,-5.97103793204597e-06
114,0.347222222222222,-0.0933333333333333,100418653.723931,-222831.119373061,-698559.935680578,0.000478502395522587,-0.000144516320174059,-8.6488372989024e-06
115,0.402777777777778,-0.106666666666667,99838727.0189973,-296589.409548815,-375352.180931778,0.000475846208770771,-0.000144039083405943,-4.64721747820297e-06
116,0.388888888888889,-0.0933333333333333,100265447.001913,-230978.986439534,-515385.787119274,0.000477784479513545,-0.000144336252795302,-6.38096688814339e-06
117,0.444444444444444,-0.106666666666667,99880630.0665018,-220422.243081283,-272875.018319666,0.000475936936854411,-0.000143736244109675,-3.3784526077673e-06
118,0.430555555555556,-0.0933333333333333,100160988.518514,-199910.959693838,-359251.124470765,0.000477242675268676,-0.000144039083405943,-4.44787106487613e-06
119,0.486111111111111,-0.106666666666667,99917065.4176388,-154781.069045946,-187781.50408102,0.000476016665420726,-0.000143475717592084,-2.32491386005073e-06
120,0.472222222222222,-0.0933333333333333,100092619.502397,-156825.412312716,-238160.56162507,0.00047685555774329,-0.000143736244109675,-2.94865457250087e-06
121,0.527777777777778,-0.106666666666667,99945446.9148016,-103456.345284861,-122968.260242783,0.000476078494373272,-0.000143271859141549,-1.52246417443446e-06
122,0.513888888888889,-0.0933333333333333,100049703.8196,-114989.548457444,-150317.185189846,0.000476591431829227,-0.000143475717592084,-1.86106991187428e-06
123,0.569444444444445,-0.106666666666667,99965969.2144107,-65947.8022779599,-76612.429073509,0.000476122635976638,-0.000143122564602863,-9.48534836148207e-07
124,0.555555555555555,-0.0933333333333333,100023995.562954,-79891.7508390434,-89960.0513782985,0.0004764188718486,-0.000143271859141549,-1.11379111230274e-06
125,0.611111111111111,-0.106666666666667,99979956.3034254,-39988.1164637133,-45147.6799627628,0.000476152155896974,-0.000143018928607102,-5.58971275729445e-07
126,0.597222222222222,-0.0933333333333333,100009454.623615,-52902.1795165762,-50482.3125871116,0.000476311072749858,-0.000143122564602863,-6.25019108221382e-07
127,0.652777777777778,-0.106666666666667,99988992.9127363,-22883.3489650637,-24797.7857987386,0.000476170751987742,-0.000142950386775171,-3.0702020512724e-07
128,0.638888888888889,-0.0933333333333333,100001857.767381,-33417.6772769392,-25903.4913892317,0.000476247062240783,-0.000143018928607102,-3.20709893390488e-07
129,0.694444444444445,-0.106666666666667,99994522.3438185,-12151.9247011542,-12265.4208111398,0.000476181752005852,-0.000142907183942127,-1.51857590995064e-07
130,0.680555555555555,-0.0933333333333333,99998374.7984451,-20068.7832524143,-11410.536474655,0.000476211406825813,-0.000142950386775171,-1.41273308733824e-07
131,0.736111111111111,-0.106666666666667,99997702.0912427,-5766.81814780459,-4956.9648714046,0.000476187772079462,-0.000142881321169146,-6.13719460269141e-08
132,0.722222222222222,-0.0933333333333333,99997186.9372132,-11352.5466827489,-3416.57500730525,0.000476193298577229,-0.000142907183942127,-4.23004524713983e-08
133,0.777777777777778,-0.106666666666667,99999389.1732107,-2188.99148824811,-975.699338410913,0.000476190694622177,-0.000142866694016436,-1.20800870469923e-08
134,0.763888888888889,-0.0933333333333333,99997175.4845674,-5924.80015040189,596.346603782202,0.000476185490117203,-0.000142881321169146,7.38333890397012e-09
135,0.819444444444445,-0.106666666666667,100000181.149253,-303.967401772738,982.07780763807,0.000476191773045111,-0.000142858849105608,1.21590585707571e-08
136,0.805555555555555,-0.0933333333333333,99997683.4920543,-2700.69583517313,2302.95574440484,0.000476183303337166,-0.000142866694016436,2.85127854069171e-08
137,0.861111111111111,-0.106666666666667,100000472.713173,673.987745285034,1755.49391243598,0.000476191764365948,-0.000142854608696222,2.17346865349216e-08
138,0.847222222222222,-0.0933333333333333,99998341.3254135,-855.914553578943,2754.32762265707,0.000476183800475141,-0.000142858849105608,3.4101199137659e-08
139,0.902777777777778,-0.106666666666667,100000508.344869,1290.92537084967,1836.69707075607,0.000476191052701228,-0.000142851721800428,2.27400589712656e-08
140,0.888888888888889,-0.0933333333333333,99998943.1095422,215.10665614903,2558.33488192338,0.000476185136083549,-0.000142854608696222,3.16746223476229e-08
141,0.944444444444445,-0.106666666666667,100000425.862849,1902.5174581781,1460.55727856638,0.000476189786226721,-0.000142848691625698,1.80830901155837e-08
142,0.930555555555555,-0.0933333333333333,99999361.7529504,946.947795219719,2006.98632337691,0.000476186084136247,-0.000142851721800428,2.48484020989523e-08
143,0.986111111111111,-0.106666666666667,100000303.68476,2641.13997476175,644.259250775993,0.000476188149251275,-0.000142844999835492,7.97654310484563e-09
144,0.972222222222222,-0.0933333333333333,99999490.3443845,1621.86191886291,1133.86312435723,0.000476185732313375,-0.000142848691625698,1.40383053491848e-08
145,0.0277777777777778,-0.0666666666666667,94510778.2765739,18784079.1228833,6613242.71582936,0.000423216926379566,-4.55674017147091e-05,8.18782431483635e-05
146,0.0138888888888889,-0.0533333333333333,96772337.0877138,29031701.1263141,3405628.58587399,0.00041934679404676,0,4.2164925348916e-05
147,0.0694444444444444,-0.0666666666666667,98270880.7520963,11594166.8529833,5336813.45817363,0.00045139347950572,-8.51766541554553e-05,6.60748332916735e-05
148,0.0555555555555556,-0.0533333333333333,99612424.7929953,20314573.0778097,2776221.12891745,0.000445324061284059,-4.55674017147091e-05,3.43722615961208e-05
149,0.111111111111111,-0.0666666666666667,100584645.532799,6360944.4580857,3433311.77123481,0.000469887439025588,-0.000113402139055972,4.25076695486214e-05
150,0.0972222222222222,-0.0533333333333333,101376102.365628,12525733.3370428,1668621.22041433,0.000464849439831024,-8.51766541554553e-05,2.06591198717964e-05
151,0.152777777777778,-0.0666666666666667,101363553.275223,3017084.60070648,1723841.3071431,0.000478373466166722,-0.000130438006580288,2.13427971360574e-05
152,0.138888888888889,-0.0533333333333333,102104041.417488,6816763.22349225,562928.561704541,0.000476471487859238,-0.000113402139055972,6.96959171634193e-06
153,0.194444444444444,-0.0666666666666667,101334710.926229,1105351.96550744,575158.520549259,0.000480967168269415,-0.000139500291963626,7.1210102544194e-06
154,0.180555555555556,-0.0533333333333333,102147854.128481,3252374.85668386,-195240.036681738,0.000481772103197506,-0.000130438006580288,-2.417257597012e-06
155,0.236111111111111,-0.0666666666666667,101066358.459796,122379.00394541,-48518.5954937718,0.000481093546469583,-0.000143797754923778,-6.0070642039908e-07
156,0.222222222222222,-0.0533333333333333,101858840.443898,1262590.82080811,-562193.367328538,0.000483238396179314,-0.000139500291963626,-6.9604893097819e-06
157,0.277777777777778,-0.0666666666666667,100777147.115481,-314045.548068691,-319354.785745231,0.000480339813237625,-0.000145462808012919,-3.95391639494095e-06
158,0.263888888888889,-0.0533333333333333,101462651.173357,241266.818013575,-656357.214716004,0.000482810814895012,-0.000143797754923778,-8.12632742029339e-06
159,0.319444444444444,-0.0666666666666667,100535071.866161,-452498.68169314,-388994.469156255,0.000479384864146043,-0.000145776286864483,-4.81612199907744e-06
160,0.305555555555556,-0.0533333333333333,101077009.131398,-224086.943293583,-602970.104866704,0.000481639215306599,-0.000145462808012919,-7.46534415549253e-06
161,0.361111111111111,-0.0666666666666667,100352472.747952,-443434.372636285,-359766.025302745,0.000478502395522586,-0.000145472267604866,-4.45424602755779e-06
162,0.347222222222222,-0.0533333333333333,100752087.769897,-387393.910572428,-489559.379427751,0.000480325266395565,-0.000145776286864483,-6.06121136434358e-06
163,0.402777777777778,-0.0666666666666667,100222889.427641,-372837.567345202,-292304.386537407,0.000477784479513546,-0.00014495097331256,-3.61900669046313e-06
164,0.388888888888889,-0.0533333333333333,100500948.66688,-398891.596957996,-366417.461844696,0.000479145791171273,-0.000145472267604866,-4.53659714664861e-06
165,0.444444444444444,-0.0666666666666667,100135000.511232,-286537.650634546,-218779.9528029,0.000477242675268676,-0.000144414465733353,-2.70870417755972e-06
166,0.430555555555556,-0.0533333333333333,100318562.870708,-344135.534425281,-257645.415048091,0.000478199064433501,-0.00014495097331256,-3.18989561488113e-06
167,0.486111111111111,-0.0666666666666667,100077726.870072,-206467.520062931,-153926.686343388,0.000476855557743291,-0.000143951359909927,-1.90575897377528e-06
168,0.472222222222222,-0.0533333333333333,100192739.077039,-269216.080892365,-171638.676156355,0.000477492875720508,-0.000144414465733353,-2.12505027622154e-06
169,0.527777777777778,-0.0666666666666667,100041872.95434,-141092.43265881,-102702.273454188,0.000476591431829227,-0.00014358883009029,-1.27155195705185e-06
170,0.513888888888889,-0.0533333333333333,100109924.686308,-196808.175192341,-108553.188339768,0.000476995081613644,-0.000143951359909927,-1.34399185563523e-06
171,0.569444444444445,-0.0666666666666667,100020408.870377,-91847.3927623667,-65125.160090449,0.0004764188718486,-0.000143323666923217,-8.0631150588175e-07
172,0.555555555555555,-0.0533333333333333,100057939.260693,-136272.540752906,-64940.5911843203,0.00047666105249009,-0.00014358883009029,-8.04026367043966e-07
173,0.611111111111111,-0.0666666666666667,100008244.885637,-56934.6394436285,-39107.8814413489,0.000476311072749858,-0.00014314003859588,-4.84192817845272e-07
174,0.597222222222222,-0.0533333333333333,100026974.160335,-89877.8057750463,-36332.8544533312,0.000476447321438417,-0.000143323666923217,-4.49835340850767e-07
175,0.652777777777778,-0.0666666666666667,100001853.013502,-33433.5235425048,-21988.0374217257,0.000476247062240783,-0.000143018997274252,-2.72232844268985e-07
176,0.638888888888889,-0.0533333333333333,100009687.440761,-56501.8729064204,-18514.1106774407,0.000476317323822062,-0.00014314003859588,-2.29222322673076e-07
177,0.694444444444445,-0.0666666666666667,99998883.4116816,-18373.4057967588,-11267.748369344,0.000476211406825812,-0.00014294304013953,-1.39505456001401e-07
178,0.680555555555555,-0.0533333333333333,100000887.015702,-33723.3228823841,-8025.81692720247,0.000476242876250318,-0.000143018997274252,-9.93672571939354e-08
179,0.736111111111111,-0.0666666666666667,99997832.7373167,-9199.87967099994,-4903.44289481031,0.000476193298577229,-0.00014289785571841,-6.07092929833658e-08
180,0.722222222222222,-0.0533333333333333,99997078.0914964,-18915.0018523149,-2265.25327469383,0.000476203583771677,-0.00014294304013953,-2.80459929247808e-08
181,0.777777777777778,-0.0666666666666667,99997780.3929037,-3908.43902930245,-1360.93836104425,0.000476185490117203,-0.000142872583604288,-1.68497130415002e-08
182,0.763888888888889,-0.0533333333333333,99996015.8438009,-9744.94772575423,604.069801085808,0.000476185425371993,-0.00014289785571841,7.47895944201477e-09
183,0.819444444444445,-0.0666666666666667,99998189.8925409,-1012.69421437383,436.651446450762,0.000476183303337168,-0.000142859379342746,5.40616076558087e-09
184,0.805555555555555,-0.0533333333333333,99996324.2587198,-4345.27928450331,1807.38792959371,0.000476179180202405,-0.000142872583604288,2.23771838902078e-08
185,0.861111111111111,-0.0666666666666667,99998764.9435313,556.14583915472,1196.97663681848,0.000476183800475141,-0.000142852730177239,1.48197107415621e-08
186,0.847222222222222,-0.0533333333333333,99997197.4835005,-1310.41692648083,2116.18500877057,0.000476179002897993,-0.000142859379342746,2.62003858228737e-08
187,0.902777777777778,-0.0666666666666667,99999348.27046,1565.64304871112,1344.24744748913,0.000476185136083549,-0.000142848756371854,1.66430636355797e-08
188,0.888888888888889,-0.0533333333333333,99998176.862785,379.721615247428,1979.14554221063,0.00047618125212524,-0.000142852730177239,2.4503706713084e-08
189,0.944444444444445,-0.0666666666666667,99999853.983052,2587.71480087191,1078.48199305389,0.000476186084136247,-0.00014284461181007,1.33526341997148e-08
190,0.930555555555555,-0.0533333333333333,99998984.9921984,1456.65957020968,1612.05418604108,0.000476183561877749,-0.000142848756371854,1.99587661128895e-08
191,0.986111111111111,-0.0666666666666667,100000231.254783,4091.56324677914,376.994450480945,0.000476185732313375,-0.00014283798958661,4.6675503392879e-09
192,0.972222222222222,-0.0533333333333333,99999389.236674,2448.29088747874,1030.30977113706,0.000476184070235275,-0.00014284461181007,1.27562162140779e-08
193,0.0277777777777778,-0.0266666666666667,93837687.4201324,19249535.5677094,3312857.1938775,0.00041934679404676,-4.23893840872874e-05,4.10163271622929e-05
194,0.0138888888888889,-0.0133333333333333,96517878.4125235,28955363.523757,118820.95818278,0.000418244139787602,0,1.47111662512014e-06
195,0.0694444444444444,-0.0266666666666667,97229603.3224154,12371834.8425434,2839126.49925514,0.000445324061284059,-7.99859340675299e-05,3.51510899907779e-05
196,0.0555555555555556,-0.0133333333333333,99366333.056099,20908129.2584994,93883.1876073086,0.000443304258469282,-4.23893840872874e-05,1.16236327513811e-06
197,0.111111111111111,-0.0266666666666667,99766892.9038857,7161701.79790186,2051942.52956941,0.000464849439831024,-0.000108420790825066,2.54050027470498e-05
198,0.0972222222222222,-0.0133333333333333,101213680.082418,13567057.870544,37379.7113939803,0.000462588393910736,-7.99859340675299e-05,4.62796426782613e-07
199,0.152777777777778,-0.0266666666666667,101151127.871015,3640384.73524829,1238710.33365069,0.000476471487859238,-0.000127166445838362,1.53364136547228e-05
200,0.138888888888889,-0.0133333333333333,102088466.057944,7858173.74411933,-83389.2548594724,0.000474909590165277,-0.000108420790825066,-1.03243839349823e-06
201,0.194444444444444,-0.0266666666666667,101620970.169449,1496094.99324242,597816.100547029,0.000481772103197506,-0.000138048552655201,7.40153267343941e-06
202,0.180555555555556,-0.0133333333333333,102257095.554762,3972175.04037249,-203217.872240497,0.00048126401448881,-0.000127166445838362,-2.51603079916806e-06
203,0.236111111111111,-0.0266666666666667,101576952.212945,322963.384296242,187709.75512477,0.000483238396179314,-0.000143572010855177,2.32402553964001e-06
204,0.222222222222222,-0.0133333333333333,102026737.132305,1617825.08209924,-265140.571882389,0.000483530426703216,-0.000138048552655201,-3.28269279473434e-06
205,0.277777777777778,-0.0266666666666667,101319333.470385,-236458.858558808,-30061.4012388379,0.000482810814895012,-0.000145867899522259,-3.72188777242755e-07
206,0.263888888888889,-0.0133333333333333,101634207.736171,340140.041264009,-264929.872757753,0.000483486503446626,-0.000143572010855177,-3.28008413890551e-06
207,0.319444444444444,-0.0266666666666667,101011501.982055,-442444.107770171,-121204.45240815,0.000481639215306599,-0.000146409022392317,-1.50062655362472e-06
208,0.305555555555556,-0.0133333333333333,101222769.901794,-265427.929136179,-226528.900296126,0.00048239237276445,-0.000145867899522259,-2.80464352747585e-06
209,0.361111111111111,-0.0266666666666667,100729017.630451,-464294.375392664,-141207.523829895,0.000480325266395565,-0.000146109522212038,-1.74828362837012e-06
210,0.347222222222222,-0.0133333333333333,100862582.900116,-487119.832351908,-174239.911595126,0.000480993899284863,-0.000146409022392317,-2.15725604832061e-06
211,0.402777777777778,-0.0266666666666667,100499546.832648,-403564.377729811,-127279.334910857,0.000479145791171273,-0.000145492516321544,-1.57583938461062e-06
212,0.388888888888889,-0.0133333333333333,100577935.893614,-509618.896443717,-123590.458531506,0.000479670578869272,-0.000146109522212038,-1.53016758181865e-06
213,0.444444444444444,-0.0266666666666667,100326839.221764,-316547.697571788,-101177.237117921,0.000478199064433501,-0.000144831426019528,-1.25267055479331e-06
214,0.430555555555556,-0.0133333333333333,100368468.415591,-442887.9028471,-81780.7958994347,0.000478577784697357,-0.000145492516321544,-1.01252413970729e-06
215,0.486111111111111,-0.0266666666666667,100204080.934092,-231409.890714489,-74128.0233533076,0.000477492875720508,-0.000144250638909248,-9.17775527231428e-07
216,0.472222222222222,-0.0133333333333333,100222865.718651,-347739.7485056,-50602.5937542424,0.000477748512586679,-0.000144831426019528,-6.26508303623954e-07
217,0.527777777777778,-0.0266666666666667,100120981.112699,-159953.42055333,-51000.5296979675,0.000476995081613644,-0.000143791655973158,-6.31435129593884e-07
218,0.513888888888889,-0.0133333333333333,100126679.680628,-254630.2667537,-29074.2076906969,0.00047715747028883,-0.000144250638909248,-3.59966380932438e-07
219,0.569444444444445,-0.0266666666666667,100067269.018656,-105173.34754299,-33197.1853669571,0.00047666105249009,-0.000143454066919713,-4.11012771209945e-07
220,0.555555555555555,-0.0133333333333333,100066256.325591,-176370.856685773,-15172.7160682785,0.000476757940869509,-0.000143791655973158,-1.87852675131067e-07
221,0.611111111111111,-0.0266666666666667,100034187.112163,-65834.6330142841,-20448.7927652918,0.000476447321438417,-0.000143219479841254,-2.53175529475042e-07
222,0.597222222222222,-0.0133333333333333,100030334.393287,-116253.735153608,-6775.70260057514,0.000476501002446826,-0.000143454066919713,-8.3889651245216e-08
223,0.652777777777778,-0.0266666666666667,100014915.933085,-39073.5651607513,-11835.4982169,0.000476317323822062,-0.000143064515928982,-1.46534739828286e-07
224,0.638888888888889,-0.0133333333333333,100010380.435121,-72976.636127118,-2077.61664646493,0.000476344159171232,-0.000143219479841254,-2.57228727657563e-08
225,0.694444444444445,-0.0266666666666667,100004476.920383,-21756.9739443511,-6315.3202799271,0.000476242876250318,-0.000142967143095521,-7.81896796562404e-08
226,0.680555555555555,-0.0133333333333333,100000323.10334,-43451.4140840918,291.504118204666,0.000476254088226503,-0.000143064515928982,3.60909860634348e-09
227,0.736111111111111,-0.0266666666666667,99999421.9761276,-11102.0530815721,-2962.77116432289,0.000476203583771677,-0.00014290918402819,-3.66819287011405e-08
228,0.722222222222222,-0.0133333333333333,99996066.7603261,-24280.0219615512,1291.63235843598,0.000476206432223403,-0.000142967143095521,1.59916387234931e-08
229,0.777777777777778,-0.0266666666666667,99997474.2342572,-4883.64620470628,-1049.63994675454,0.000476185425371993,-0.000142876790078485,-1.29955421979133e-08
230,0.763888888888889,-0.0133333333333333,99994982.3849438,-12433.9304367304,1552.98805565044,0.000476184345543213,-0.00014290918402819,1.9227471165196e-08
231,0.819444444444445,-0.0266666666666667,99997198.6330821,-1430.69807667658,-48.2204708854935,0.000476179180202405,-0.000142859953752387,-5.97015353820396e-10
232,0.805555555555555,-0.0133333333333333,99995464.3209113,-5486.62020849064,1464.58831880203,0.000476176715747494,-0.000142876790078485,1.8132998232787e-08
233,0.861111111111111,-0.0266666666666667,99997732.0272168,471.395460918546,396.940496537751,0.000476179002897993,-0.000142851658155734,4.91450138570548e-09
234,0.847222222222222,-0.0133333333333333,99996580.2507071,-1616.21278915554,1250.70276768281,0.000476176500545447,-0.000142859953752387,1.54848914094062e-08
235,0.902777777777778,-0.0266666666666667,99998576.6296047,1712.2776809223,502.554533424769,0.00047618125212524,-0.000142846955767621,6.22210374716381e-09
236,0.888888888888889,-0.0133333333333333,99997809.5103657,494.640405587852,1028.15927780354,0.000476179338658305,-0.000142851658155734,1.272959105852e-08
237,0.944444444444445,-0.0266666666666667,99999448.1135152,3000.39729291201,366.298351686614,0.000476183561877749,-0.000142842066841722,4.53512244945331e-09
238,0.930555555555555,-0.0133333333333333,99998846.4992497,1793.23857444152,841.318309018918,0.000476182421560369,-0.000142846955767621,1.04163219211866e-08
239,0.986111111111111,-0.0266666666666667,100000164.001208,5030.83933291212,-51.8971813440183,0.000476184070235275,-0.000142833420766807,-6.42536530925941e-10
240,0.972222222222222,-0.0133333333333333,99999431.9583562,2995.55074523017,667.166532781914,0.00047618349187206,-0.000142842066841722,8.26015707253798e-09
241,0.0277777777777778,0.0133333333333333,93563413.6695839,19107147.7139583,205753.690029567,0.000418244139787602,-4.2675601842461e-05,2.54742663846131e-06
242,0.0138888888888889,0.0266666666666667,96756322.4770175,29026896.7431052,-3190179.55390958,0.000419277397400409,0,-3.94974611436425e-05
243,0.0694444444444444,0.0133333333333333,96770125.0881742,12254102.6987499,367401.944217613,0.000443304258469282,-7.98901658462018e-05,4.54878597602759e-06
244,0.0555555555555556,0.0266666666666667,99603838.1163304,20919275.0479823,-2611972.72822409,0.00044441931239017,-4.2675601842461e-05,-3.23387099684887e-05
245,0.111111111111111,0.0133333333333333,99288886.9315809,7151080.70108791,503819.680617792,0.000462588393910736,-0.00010778850180184,6.23776747431552e-06
246,0.0972222222222222,0.0266666666666667,101283357.174202,13608072.3245582,-1682360.24850499,0.000462861597508736,-7.98901658462018e-05,-2.08292221243475e-05
247,0.152777777777778,0.0133333333333333,100844757.822921,3712479.62737618,525024.293037553,0.000474909590165277,-0.000126385465330953,6.50030077094113e-06
248,0.138888888888889,0.0266666666666667,101999873.33,7964376.62061362,-868696.998099556,0.000474336001637218,-0.00010778850180184,-1.07552961669469e-05
249,0.194444444444444,0.0133333333333333,101543965.900189,1595076.19179628,453366.198718191,0.00048126401448881,-0.000137467207515526,5.61310531746332e-06
250,0.180555555555556,0.0266666666666667,102082850.369923,4083907.39147684,-322655.902749559,0.000480274657868953,-0.000126385465330953,-3.9947873673755e-06
251,0.236111111111111,0.0133333333333333,101665140.157912,412501.834122717,347092.882364276,0.000483530426703216,-0.0001432716200631,4.2973404483196e-06
252,0.222222222222222,0.0266666666666667,101828085.457206,1680312.05890149,-15873.8719097353,0.000482495199235885,-0.000137467207515526,-1.9653365221577e-07
253,0.277777777777778,0.0133333333333333,101481692.582018,-168243.805912551,246632.900895469,0.000483486503446626,-0.000145775007526275,3.05355020156295e-06
254,0.263888888888889,0.0266666666666667,101446270.385796,346840.9024879,128624.893150511,0.000482581991024046,-0.0001432716200631,1.59249867710156e-06
255,0.319444444444444,0.0133333333333333,101183991.304245,-394689.920966372,167155.683699059,0.00048239237276445,-0.000146428034820189,2.06954656008359e-06
256,0.305555555555556,0.0266666666666667,101061805.978936,-294209.786837097,177550.345234527,0.000481666994833271,-0.000145775007526275,2.19824236957033e-06
257,0.361111111111111,0.0133333333333333,100879015.250166,-432345.332183108,109563.051935608,0.000480993899284863,-0.000146171666224919,1.35649492872657e-06
258,0.347222222222222,0.0266666666666667,100733682.634746,-529782.521815974,175956.485823665,0.000480441035196623,-0.000146428034820189,2.17850887210252e-06
259,0.402777777777778,0.0133333333333333,100615993.772968,-382759.29859674,69826.6673302128,0.000479670578869272,-0.000145559797288034,8.64520643135969e-07
260,0.388888888888889,0.0266666666666667,100480018.072866,-552044.485373244,151400.710053871,0.000479264911516561,-0.000146171666224919,1.87448498161936e-06
261,0.444444444444444,0.0133333333333333,100410355.887889,-303262.995187316,43271.5083566275,0.000478577784697357,-0.000144887475055019,5.35742484415389e-07
262,0.430555555555556,0.0266666666666667,100297400.416649,-478337.30549236,119614.350438699,0.000478290007658557,-0.000145559797288034,1.48093957686009e-06
263,0.486111111111111,0.0133333333333333,100260262.655937,-223083.290885448,25970.4741063366,0.000477748512586679,-0.000144291248036507,3.2153920322131e-07
264,0.472222222222222,0.0266666666666667,100173410.764949,-374346.532069355,88816.7525069369,0.000477551022497949,-0.000144887475055019,1.09963598341922e-06
265,0.527777777777778,0.0133333333333333,100156615.174685,-154845.286563553,14973.7074214399,0.00047715747028883,-0.000143818237328424,1.85388758551161e-07
266,0.513888888888889,0.0266666666666667,100093649.554934,-273067.221186269,62667.4733524167,0.000477026522482334,-0.000144291248036507,7.75883003410874e-07
267,0.569444444444445,0.0133333333333333,100088530.457837,-102123.749199621,8174.08339796983,0.000476757940869509,-0.000143469918507384,1.01202937308198e-07
268,0.555555555555555,0.0266666666666667,100045110.184663,-188296.783570334,42220.7958226413,0.000476674281998732,-0.000143818237328424,5.22733662566035e-07
269,0.611111111111111,0.0133333333333333,100045987.166156,-64077.8255919553,4107.13550219879,0.000476501002446826,-0.000143227971311613,5.08502490748422e-08
270,0.597222222222222,0.0266666666666667,100017408.967014,-123460.196446415,27179.6436616877,0.00047644974774261,-0.000143469918507384,3.3650987390661e-07
271,0.652777777777778,0.0133333333333333,100020840.776809,-38108.8304986432,1774.96671805556,0.000476344159171232,-0.000143068386016864,2.19757784140212e-08
272,0.638888888888889,0.0266666666666667,100002897.504688,-77004.7240323983,16662.7886994737,0.000476314280580464,-0.000143227971311613,2.06301193422055e-07
273,0.694444444444445,0.0133333333333333,100006980.150389,-21261.2572560534,510.492262484555,0.000476254088226503,-0.000142968358582727,6.32038039266591e-09
274,0.680555555555555,0.0266666666666667,99996281.5144607,-45476.6092031598,9642.27905609239,0.000476237735701056,-0.000143068386016864,1.19380597837334e-07
275,0.736111111111111,0.0133333333333333,100000089.458097,-10871.0293905325,-122.533118107188,0.000476206432223403,-0.000142909037461046,-1.51707670037471e-09
276,0.722222222222222,0.0266666666666667,99994090.4832571,-25128.1573955603,5166.97371042989,0.000476198233002266,-0.000142968358582727,6.39720554624653e-08
277,0.777777777777778,0.0133333333333333,99997275.0464851,-4791.72529874742,-401.798594376025,0.000476184345543213,-0.000142876067805925,-4.97464926370317e-09
278,0.763888888888889,0.0266666666666667,99994167.020266,-12647.7607399561,2455.5855244407,0.000476180768326133,-0.000142909037461046,3.04024874454563e-08
279,0.819444444444445,0.0133333333333333,99996689.194105,-1403.70956258476,-498.11501542075,0.000476176715747494,-0.000142859097465686,-6.16713828616167e-09
280,0.805555555555555,0.0266666666666667,99995243.4188053,-5401.21360268444,916.506721740927,0.000476175541823267,-0.000142876067805925,1.13472260786972e-08
281,0.861111111111111,0.0133333333333333,99997207.6257669,475.037409856915,-511.937857490434,0.000476176500545447,-0.000142850891668191,-6.33827823559585e-09
282,0.847222222222222,0.0266666666666667,99996619.5551602,-1424.60124603659,131.610313021284,0.000476176413978733,-0.000142859097465686,1.62946101835875e-09
283,0.902777777777778,0.0133333333333333,99998176.1056965,1716.62484164909,-498.904647042057,0.000476179338658305,-0.000142846362889844,-6.17691467766357e-09
284,0.888888888888889,0.0266666666666667,99997931.2621513,692.128325175494,-172.792372566566,0.000476179636303113,-0.000142850891668191,-2.13933413653844e-09
285,0.944444444444445,0.0133333333333333,99999218.8155919,3034.29304847866,-489.408887494794,0.000476182421560369,-0.0001428415778649,-6.05934813088793e-09
286,0.930555555555555,0.0266666666666667,99998984.4989395,1959.14281453565,-153.733338752795,0.000476182841695691,-0.000142846362889844,-1.90336514646318e-09
287,0.986111111111111,0.0133333333333333,100000086.64633,5177.84398994967,-514.036681729839,0.00047618349187206,-0.000142832610237662,-6.36426367855991e-09
288,0.972222222222222,0.0266666666666667,99999612.7833554,3152.48337752372,127.715520176393,0.00047618412875401,-0.0001428415778649,1.58123977361249e-09
289,0.0277777777777778,0.0533333333333333,93539089.4382821,18302786.6139873,-2862804.61511802,0.000419277397400409,-4.64711438928446e-05,-3.5444247615747e-05
290,0.0138888888888889,0.0666666666666667,97654265.1662744,29296279.5498823,-6793480.55729323,0.000423168482387189,0,-8.41097592807733e-05
291,0.0694444444444444,0.0533333333333333,96708665.9347173,11268701.1092718,-2004953.90622882,0.00044441931239017,-8.44947555768732e-05,-2.48232388390235e-05
292,0.0555555555555556,0.0666666666666667,100346537.10753,20345020.9147617,-5319822.87339476,0.000448776337300484,-4.64711438928446e-05,-6.58644736706018e-05
293,0.111111111111111,0.0533333333333333,99118971.1030598,6393452.08741748,-971044.108779875,0.000462861597508736,-0.000111153520207145,-1.2022450870608e-05
294,0.0972222222222222,0.0666666666666667,101507970.663661,12708492.527955,-3236235.655224,0.000465216299548928,-8.44947555768732e-05,-4.00676795408686e-05
295,0.152777777777778,0.0533333333333333,100592225.989465,3272218.81883029,-183729.696039761,0.000474336001637218,-0.000128121185609568,-2.27474861763514e-06
296,0.138888888888889,0.0666666666666667,101757686.403883,7185066.6776643,-1496013.40921711,0.000474296030478968,-0.000111153520207145,-1.85220707807832e-05
297,0.194444444444444,0.0533333333333333,101280103.058956,1408083.02158779,268149.460058467,0.000480274657868953,-0.000137980704267139,3.31994569596197e-06
298,0.180555555555556,0.0666666666666667,101572045.788805,3566164.7586324,-353921.858710388,0.00047858188743436,-0.000128121185609568,-4.38188967927147e-06
299,0.236111111111111,0.0533333333333333,101438598.77592,382023.121280983,454318.821702008,0.000482495199235885,-0.000143093126245215,5.62489969726295e-06
300,0.222222222222222,0.0666666666666667,101233399.29475,1394071.89232579,261761.294672763,0.000480072274890724,-0.000137980704267139,3.24085412451992e-06
301,0.277777777777778,0.0533333333333333,101306126.521064,-120305.313285764,477394.395846765,0.000482581991024046,-0.000145295920331452,5.91059728191233e-06
302,0.263888888888889,0.0666666666666667,100886682.537293,216448.249692839,515114.787028819,0.000480103562201835,-0.000143093126245215,6.37761164892824e-06
303,0.319444444444444,0.0533333333333333,101054666.283083,-318008.773012485,419853.744342308,0.000481666994833271,-0.000145878136466369,5.19818921566667e-06
304,0.305555555555556,0.0666666666666667,100594218.605282,-333877.688020255,557276.509330852,0.000479497056722325,-0.000145295920331452,6.89961392504865e-06
305,0.361111111111111,0.0533333333333333,100786447.121373,-353900.899726342,333955.830374359,0.000480441035196623,-0.000145665881124468,4.13469123320635e-06
306,0.347222222222222,0.0666666666666667,100373123.635371,-522471.567326207,495747.230844068,0.000478713643359851,-0.000145878136466369,6.13782285806941e-06
307,0.402777777777778,0.0533333333333333,100551172.175807,-314864.142236937,247846.174151775,0.000479264911516561,-0.000145143884737995,3.06857167997436e-06
308,0.388888888888889,0.0666666666666667,100218616.443402,-524250.103117585,396389.85876429,0.000477980435592083,-0.000145665881124468,4.90768396565312e-06
309,0.444444444444444,0.0533333333333333,100365952.061077,-249831.824066792,174126.84051343,0.000478290007658557,-0.000144569606868523,2.15585612064247e-06
310,0.430555555555556,0.0666666666666667,100117562.662167,-444946.996328734,294719.10372541,0.000477385936957457,-0.000145143884737995,3.64890318898126e-06
311,0.486111111111111,0.0533333333333333,100230591.960795,-183742.545914248,116557.072751311,0.000477551022497949,-0.000144061524448347,1.44308756739719e-06
312,0.472222222222222,0.0666666666666667,100055574.700888,-342945.032123581,206937.182252924,0.000476945039097737,-0.000144569606868523,2.56207939932192e-06
313,0.527777777777778,0.0533333333333333,100137353.984405,-127385.7896161,74436.3098016402,0.000477026522482334,-0.000143659961833037,9.21592407067927e-07
314,0.513888888888889,0.0666666666666667,100020171.361383,-246868.725737847,138160.093656793,0.000476639199900497,-0.000144061524448347,1.71055354051267e-06
315,0.569444444444445,0.0533333333333333,100076444.60748,-83848.7075136043,45205.2082923989,0.000476674281998732,-0.000143365628998845,5.59683531239225e-07
316,0.555555555555555,0.0666666666666667,100001754.574325,-168065.612640243,87828.9907503188,0.000476438925038652,-0.000143659961833037,1.0874065521468e-06
317,0.611111111111111,0.0533333333333333,100038706.893724,-52467.1074141972,25861.3719519424,0.00047644974774261,-0.000143162281788245,3.20188414643097e-07
318,0.597222222222222,0.0666666666666667,99993521.4686218,-108725.649170972,52969.8929157829,0.000476314948397015,-0.000143365628998845,6.55817721814455e-07
319,0.652777777777778,0.0533333333333333,100016673.092344,-31086.0985125378,13645.5166855201,0.000476314280580464,-0.000143028990601027,1.68944492296916e-07
320,0.638888888888889,0.0666666666666667,99990957.1171355,-66792.0403907299,29992.0054090577,0.00047624283204406,-0.000143162281788245,3.7132959077881e-07
321,0.694444444444445,0.0533333333333333,100004750.179665,-17247.7251893952,6307.49116100343,0.000476237735701056,-0.000142946060852804,7.80927477076615e-08
322,0.680555555555555,0.0666666666666667,99991242.9292925,-38715.1474278644,15569.0758775733,0.000476204083207242,-0.000143028990601027,1.92759987055669e-07
323,0.736111111111111,0.0533333333333333,99999007.6014004,-8737.76358450204,2149.38572841492,0.000476198233002266,-0.000142897333542879,2.66114423518038e-08
324,0.722222222222222,0.0666666666666667,99992730.546581,-20853.6151145585,6986.23990086644,0.000476185650624359,-0.000142946060852804,8.64963035345368e-08
325,0.777777777777778,0.0533333333333333,99996828.9515113,-3774.65658891946,-35.1325910070763,0.000476180768326133,-0.000142870587343059,-4.34974936278087e-10
326,0.763888888888889,0.0666666666666667,99994530.2923457,-10080.9563009292,2201.69504525363,0.000476178831329695,-0.000142897333542879,2.7259081512664e-08
327,0.819444444444445,0.0533333333333333,99996559.1879342,-1015.31650641561,-1057.68437664038,0.000476175541823267,-0.000142857062251841,-1.30951399012619e-08
328,0.805555555555555,0.0666666666666667,99996214.0836496,-3959.11694744974,-224.528845595799,0.000476178103898732,-0.000142870587343059,-2.7798809454718e-09
329,0.861111111111111,0.0533333333333333,99997203.092039,520.521683216095,-1433.00506879388,0.000476176413978733,-0.000142850668599659,-1.77419675184004e-08
330,0.847222222222222,0.0666666666666667,99997612.95667,-699.185885686427,-1248.05916839226,0.000476180108154456,-0.000142857062251841,-1.54521611324756e-08
331,0.902777777777778,0.0533333333333333,99998189.6341263,1553.36824203655,-1460.61350212184,0.000476179636303113,-0.000142847159628552,-1.80837862167466e-08
332,0.888888888888889,0.0666666666666667,99998685.9355148,965.374725960195,-1458.04427602369,0.000476182839633795,-0.000142850668599659,-1.80519767507695e-08
333,0.944444444444445,0.0533333333333333,99999195.3723948,2662.05433223397,-1278.9391655897,0.000476182841695691,-0.000142843316939934,-1.58344849073011e-08
334,0.930555555555555,0.0666666666666667,99999444.0579135,1929.69537819549,-1168.64053617947,0.000476185072139524,-0.000142847159628552,-1.44688828288887e-08
335,0.986111111111111,0.0533333333333333,100000002.865694,4452.75783900917,-883.013594635433,0.00047618412875401,-0.000142835943342234,-1.09325492669149e-08
336,0.972222222222222,0.0666666666666667,99999903.3334259,2874.44264157861,-461.100808683623,0.000476185909526826,-0.000142843316939934,-5.70886715513057e-09
337,0.0277777777777778,0.0933333333333333,93831153.3606321,16552573.5310748,-5991187.35683999,0.000423168482387189,-5.52227260814991e-05,-7.41766053703999e-05
338,0.0138888888888889,0.106666666666667,99854840.8018032,29956452.240541,-11075365.7796125,0.000432704310141147,0,-0.000137123576319012
339,0.0694444444444444,0.0933333333333333,97046311.530846,9344268.99248067,-4141165.57925732,0.000448776337300484,-9.41410688893957e-05,-5.1271573838424e-05
340,0.0555555555555556,0.106666666666667,101670913.972557,18904501.7146523,-7862573.03868384,0.000457140778372196,-5.52227260814991e-05,-9.73461423837047e-05
341,0.111111111111111,0.0933333333333333,99189702.2592295,4980931.17984897,-2142623.43938291,0.000465216299548928,-0.000117980854751999,-2.65277187733123e-05
342,0.0972222222222222,0.106666666666667,101612349.75932,10714080.4610229,-4272655.29532969,0.000468562502957205,-9.41410688893957e-05,-5.2899541751701e-05
343,0.152777777777778,0.0933333333333333,100335429.749442,2444211.16286099,-691927.978662324,0.000474296030478968,-0.000131697227437959,-8.56672735486687e-06
344,0.138888888888889,0.106666666666667,101034286.948981,5534306.58677451,-1664059.57983043,0.000473209499871186,-0.000117980854751999,-2.06026424169482e-05
345,0.194444444444444,0.0933333333333333,100809801.896957,1025351.78580603,149073.567418059,0.000478581887434359,-0.000139131375158482,1.84567273946168e-06
346,0.180555555555556,0.106666666666667,100489402.679498,2490403.04187796,-122905.847228697,0.000474963246509213,-0.000131697227437959,-1.52169144187911e-06
347,0.236111111111111,0.0933333333333333,100898248.217261,276901.634030677,531059.26242591,0.000480072274890724,-0.000142821775386418,6.57501943955889e-06
348,0.222222222222222,0.106666666666667,100122099.389778,819041.033652328,621029.354114798,0.000475601843236584,-0.000139131375158482,7.68893486046893e-06
349,0.277777777777778,0.0933333333333333,100797788.812146,-79864.1674657948,629495.27755753,0.000480103562201835,-0.000144377146719569,7.79375105547419e-06
350,0.263888888888889,0.106666666666667,99921415.4696756,-16148.1902450062,867663.462374534,0.00047583933298452,-0.000142821775386418,1.07425000103514e-05
351,0.319444444444444,0.0933333333333333,100629040.738808,-217803.909602582,580885.398159465,0.000479497056722325,-0.000144792933958309,7.1919144534029e-06
352,0.305555555555556,0.106666666666667,99836907.3602722,-368128.603027795,847939.152755266,0.00047593974257705,-0.000144377146719569,1.04982942722081e-05
353,0.361111111111111,0.0933333333333333,100457195.304759,-242232.669364657,473209.117679216,0.000478713643359851,-0.000144663767908535,5.85877955221886e-06
354,0.347222222222222,0.106666666666667,99820923.4570562,-460239.09412799,711938.364827962,0.000475995215168069,-0.000144792933958309,8.81447499310811e-06
355,0.402777777777778,0.0933333333333333,100311412.744507,-214929.099432755,355583.144292423,0.000477980435592082,-0.0001443254901085,4.40245797695381e-06
356,0.388888888888889,0.106666666666667,99839256.4632032,-427614.321831483,545414.733592213,0.000476035908379775,-0.000144663767908535,6.75275384447502e-06
357,0.444444444444444,0.0933333333333333,100200046.136201,-170002.082884558,251297.353072694,0.000477385936957457,-0.000143952456779737,3.1113005618524e-06
358,0.430555555555556,0.106666666666667,99870630.5602007,-347163.754724767,390905.707545273,0.000476070379460086,-0.0001443254901085,4.83978495056052e-06
359,0.486111111111111,0.0933333333333333,100121075.415564,-124609.316535648,168497.214295621,0.000476945039097737,-0.000143623485434309,2.08615598651721e-06
360,0.472222222222222,0.106666666666667,99903333.0942615,-259015.995466292,265087.004332429,0.000476100180442388,-0.000143952456779737,3.28202957744912e-06
361,0.527777777777778,0.0933333333333333,100068409.637963,-86074.4704705663,107452.406102849,0.000476639199900497,-0.000143364749342188,1.33036312317814e-06
362,0.513888888888889,0.106666666666667,99931863.3566869,-181372.934198771,170766.304533443,0.000476125120175936,-0.000143623485434309,2.11424948469977e-06
363,0.569444444444445,0.0933333333333333,100035246.715593,-56425.1417471804,64981.2034388518,0.000476438925038652,-0.000143176186459167,8.04529185433403e-07
364,0.555555555555555,0.106666666666667,99954368.8114047,-120286.718438122,104329.415501799,0.00047614502298541,-0.000143364749342188,1.29169752526037e-06
365,0.611111111111111,0.0933333333333333,100015598.019821,-35137.145172108,36899.0570599561,0.000476314948397015,-0.000143046745481517,4.56845468361361e-07
366,0.597222222222222,0.106666666666667,99970911.7864418,-75725.6204924397,59960.4271858265,0.000476160140345665,-0.000143176186459167,7.42367193729281e-07
367,0.652777777777778,0.0933333333333333,100004787.603258,-20690.4199835956,19225.9240967856,0.00047624283204406,-0.000142962508099814,2.38035250722107e-07
368,0.638888888888889,0.106666666666667,99982398.4271237,-45097.0229814425,31794.0976303115,0.000476171083495324,-0.000143046745481517,3.93641208756238e-07
369,0.694444444444445,0.0933333333333333,99999443.8124517,-11378.8702313565,8673.56135181857,0.000476204083207243,-0.000142910533399842,1.07386950070135e-07
370,0.680555555555555,0.106666666666667,99989973.8519647,-25134.5453714803,14844.327970013,0.000476178639121791,-0.000142962508099814,1.83786917723971e-07
371,0.736111111111111,0.0933333333333333,99997283.1770595,-5678.18018612638,2750.12810895542,0.000476185650624359,-0.000142880300634781,3.40492051584956e-08
372,0.722222222222222,0.106666666666667,99994718.5411518,-12796.4516213126,5266.26708982119,0.000476183607031611,-0.000142910533399842,6.52014020644529e-08
373,0.777777777777778,0.0933333333333333,99996843.9821375,-2368.65699486807,-314.054945050569,0.000476178831329695,-0.00014286391357922,-3.88829931967372e-09
374,0.763888888888889,0.106666666666667,99997524.5746601,-5605.76090594009,294.823856570955,0.000476186696680628,-0.000142880300634781,3.65020012897373e-09
375,0.819444444444445,0.0933333333333333,99997241.6991163,-533.73205954954,-1704.6654729618,0.000476178103898734,-0.000142855744008545,-2.11053820461937e-08
376,0.805555555555555,0.106666666666667,99999069.6537857,-1700.95550041273,-1943.85444394707,0.000476188475906837,-0.00014286391357922,-2.40667693060114e-08
377,0.861111111111111,0.0933333333333333,99997971.4019406,495.631683256477,-2166.17133321207,0.000476180108154456,-0.000142851884709043,-2.68192641254827e-08
378,0.847222222222222,0.106666666666667,99999837.0206633,244.86440455541,-2644.51088370399,0.000476189350292104,-0.000142855744008545,-3.27415633220494e-08
379,0.902777777777778,0.0933333333333333,99998758.9063374,1208.61080138758,-2122.09715839348,0.000476182839633795,-0.000142849614576666,-2.6273583865824e-08
380,0.888888888888889,0.106666666666667,100000151.093733,1149.53922110796,-2510.94192225074,0.000476189553485558,-0.000142851884709043,-3.10878523707234e-08
381,0.944444444444445,0.0933333333333333,99999453.2654224,1960.38707451895,-1757.61185555654,0.000476185072139524,-0.000142847026631201,-2.17609086878429e-08
382,0.930555555555555,0.106666666666667,100000219.268126,1646.71933809668,-1901.53910376416,0.000476189167868214,-0.000142849614576666,-2.35428650942229e-08
383,0.986111111111111,0.0933333333333333,99999948.8565104,3026.18625641242,-1024.91125710567,0.000476185909526826,-0.00014284265938427,-1.26893774689274e-08
384,0.972222222222222,0.106666666666667,100000230.239128,2193.47918611765,-899.100053845903,0.00047618843902558,-0.000142847026631201,-1.11317149523778e-08
385,0.0277777777777778,0.133333333333333,94839756.7543248,13239505.4156128,-9075709.34102651,0.000432704310141147,-7.24401029080221e-05,-0.000112365925174614
386,0.0138888888888889,0.146666666666667,105339612.747639,31601883.8242918,-16692259.9127884,0.00045647165523977,0,-0.000206666075110714
387,0.0694444444444444,0.133333333333333,97945341.2137928,6485925.85210534,-5606264.42234242,0.000457140778372196,-0.000109036554819202,-6.9410892848049e-05
388,0.0555555555555556,0.146666666666667,103383477.625236,15802621.6768861,-9502842.37951026,0.000469727100581762,-7.24401029080221e-05,-0.000117654238984413
389,0.111111111111111,0.133333333333333,99349585.1618949,3171531.8029394,-2675937.26435885,0.000468562502957205,-0.000126825446407757,-3.31306518444429e-05
390,0.0972222222222222,0.146666666666667,100702216.693822,7312988.49611407,-4099408.99771508,0.000469087238785656,-0.000109036554819202,-5.07545875907582e-05
391,0.152777777777778,0.133333333333333,99817920.5466534,1479751.91234814,-846823.53119741,0.000473209499871185,-0.000135550591674514,-1.04844818148251e-05
392,0.138888888888889,0.146666666666667,99056162.128663,3083504.89296981,-1025407.42629757,0.000467291003146533,-0.000126825446407757,-1.26955205160652e-05
393,0.194444444444444,0.133333333333333,99924944.4033615,608875.454755731,116551.622959872,0.000474963246509213,-0.000139850513648822,1.44302009378889e-06
394,0.180555555555556,0.146666666666667,98387129.3758337,1050514.56110222,452335.701570435,0.000467009404797633,-0.000135550591674514,5.60034678134824e-06
395,0.236111111111111,0.133333333333333,99927961.4045931,171914.41636819,526526.850637264,0.000475601843236584,-0.000141935590500046,6.51890386503279e-06
396,0.222222222222222,0.146666666666667,98321237.3969838,127763.35284242,1003266.13552226,0.000468013849481576,-0.000139850513648822,1.24213902493232e-05
397,0.277777777777778,0.133333333333333,99916882.2682279,-31258.8617374226,625329.118533534,0.00047583933298452,-0.000142887254962885,7.74217003898662e-06
398,0.263888888888889,0.146666666666667,98545647.0377251,-242779.893692177,1075488.40837188,0.000469611814313489,-0.000141935590500046,1.33155707703186e-05
399,0.319444444444444,0.133333333333333,99914387.5665665,-109861.248713356,572321.190411533,0.00047593974257705,-0.000143257988184206,7.08588140509517e-06
400,0.305555555555556,0.146666666666667,98864708.6056044,-346910.960524492,935628.010402327,0.000471279913779818,-0.000142887254962885,1.15839658430764e-05
401,0.361111111111111,0.133333333333333,99921392.8506918,-125341.115341958,461693.26604974,0.000475995215168069,-0.000143341709383569,5.71620234156821e-06
402,0.347222222222222,0.146666666666667,99175864.4248805,-331418.191219151,729122.04690246,0.000472739475629744,-0.000143257988184206,9.02722534260189e-06
403,0.402777777777778,0.133333333333333,99933876.0161929,-112215.811866418,343374.43028617,0.000476035908379776,-0.00014329704103202,4.25130247020972e-06
404,0.388888888888889,0.146666666666667,99435672.8767165,-271057.107534546,527347.060438787,0.000473890428614176,-0.000143341709383569,6.52905884352783e-06
405,0.444444444444444,0.133333333333333,99948028.5563528,-89170.4342175797,240036.500724924,0.000476070379460086,-0.000143207519052969,2.97188048516573e-06
406,0.430555555555556,0.146666666666667,99633448.8393896,-202343.964907426,359408.849881161,0.000474734057280294,-0.00014329704103202,4.44982385567152e-06
407,0.486111111111111,0.133333333333333,99961371.8785378,-65553.3812119365,159038.333557108,0.000476100180442388,-0.000143114118784635,1.96904603451658e-06
408,0.472222222222222,0.146666666666667,99774251.8418516,-141303.448567946,232143.834683684,0.000475317347030581,-0.000143207519052969,2.87416176275037e-06
409,0.527777777777778,0.133333333333333,99972661.5917425,-45378.8173469231,100045.126608016,0.000476125120175936,-0.000143034177594617,1.2386539484802e-06
410,0.513888888888889,0.146666666666667,99869058.0857634,-93247.5190442652,141998.008667668,0.000475700154007032,-0.000143114118784635,1.75807058350446e-06
411,0.569444444444445,0.133333333333333,99981515.1646961,-29798.8741335049,59503.481554855,0.00047614502298541,-0.000142972635350202,7.36709771631539e-07
412,0.555555555555555,0.146666666666667,99929647.7200965,-58282.9788407087,81632.0284310579,0.000475938726732137,-0.000143034177594617,1.01068225676548e-06
413,0.611111111111111,0.133333333333333,99988054.741511,-18582.4369286783,33047.2701920617,0.000476160140345665,-0.000142928565997057,4.09156678568383e-07
414,0.597222222222222,0.146666666666667,99966312.4237598,-34359.6964144148,43278.899292923,0.000476079144441353,-0.000142972635350202,5.35833991245713e-07
415,0.652777777777778,0.133333333333333,99992641.9704757,-10951.8784749173,16642.9241153734,0.000476171083495324,-0.000142898783188655,2.06055250952242e-07
416,0.638888888888889,0.146666666666667,99987116.5892121,-18863.8826183267,20214.9696391499,0.000476156075019036,-0.000142928565997057,2.50280576484714e-07
417,0.694444444444445,0.133333333333333,99995708.3492904,-6019.55428577214,7022.1066272644,0.000476178639121791,-0.000142879676471776,8.69403677661307e-08
418,0.680555555555555,0.146666666666667,99997930.487998,-9365.32321820036,7211.19643925177,0.000476194000404588,-0.000142898783188655,8.92814797240696e-08
419,0.736111111111111,0.133333333333333,99997661.2626171,-2987.38006929308,1746.82739691392,0.000476183607031609,-0.000142868027423116,2.16273868189343e-08
420,0.722222222222222,0.146666666666667,100002784.993372,-3896.56106118113,488.023401830798,0.00047620930457948,-0.000142879676471776,6.0421944988575e-09
421,0.777777777777778,0.133333333333333,99998841.8235728,-1214.93119829148,-889.279665370634,0.00047618669668063,-0.000142861273706048,-1.10101291903031e-08
422,0.763888888888889,0.146666666666667,100004308.153716,-993.31273952499,-2529.00611523386,0.000476212410226372,-0.000142868027423116,-3.13115042838478e-08
423,0.819444444444445,0.133333333333333,99999513.7765041,-220.546438876539,-2011.31732406921,0.000476188475906837,-0.000142857498473286,-2.49020240122855e-08
424,0.805555555555555,0.146666666666667,100004130.280981,371.606024108827,-3496.98050123563,0.000476209613329398,-0.000142861273706048,-4.32959490629173e-08
425,0.861111111111111,0.133333333333333,99999867.6622753,347.003109805286,-2308.7506982533,0.000476189350292106,-0.000142855301407489,-2.85845324545647e-08
426,0.847222222222222,0.146666666666667,100003215.081317,889.845005068928,-3414.26157459163,0.000476204514894361,-0.000142857498473286,-4.22718099711344e-08
427,0.902777777777778,0.133333333333333,100000028.917286,742.284396763891,-2152.29446202547,0.000476189553485558,-0.000142853649479948,-2.66474552441248e-08
428,0.888888888888889,0.146666666666667,100002110.130593,1019.74360520765,-2824.67751316282,0.000476199067654818,-0.000142855301407489,-3.49721977820159e-08
429,0.944444444444445,0.133333333333333,100000063.197339,1126.48337934539,-1676.04903307501,0.000476189167868214,-0.000142851868932487,-2.0751083266643e-08
430,0.930555555555555,0.146666666666667,100001124.047379,1070.82342447713,-1969.69806847938,0.000476194299049292,-0.000142853649479948,-2.43867379906971e-08
431,0.986111111111111,0.133333333333333,99999985.6154712,1378.06699770689,-817.690839837972,0.00047618843902558,-0.000142850560084017,-1.01237913503749e-08
432,0.972222222222222,0.146666666666667,100000444.977837,1241.01752881706,-916.716444634557,0.000476190822250373,-0.000142851868932487,-1.13498226478564e-08
433,0.0277777777777778,0.173333333333333,98163770.844345,7682410.81331095,-10807398.2793602,0.00045647165523977,-0.00010365104971425,-0.000133805883458746
434,0.0138888888888889,0.186666666666667,121480947.513614,36444284.2540841,-24729202.844478,0.000526417439225659,0,-0.000306171082836394
435,0.0694444444444444,0.173333333333333,99678384.429481,3452311.02437012,-5126510.17036355,0.000469727100581762,-0.000125958115735591,-6.34710782997391e-05
436,0.0555555555555556,0.186666666666667,102569811.008655,9004222.86260408,-7347292.76539979,0.000475564495951782,-0.00010365104971425,-9.09664818573308e-05
437,0.111111111111111,0.173333333333333,99010831.4232387,1675037.59416976,-2139065.33528584,0.000469087238785656,-0.000133467675394294,-2.64836660559199e-05
438,0.0972222222222222,0.186666666666667,95808548.467085,2291360.23565133,-1364301.86954412,0.000452957811411379,-0.000125958115735591,-1.689135648007e-05
439,0.152777777777778,0.173333333333333,98367988.8325794,789593.906024411,-696767.465557126,0.000467291003146533,-0.000136765727351188,-8.62664481165966e-06
440,0.138888888888889,0.186666666666667,94241878.2368031,244351.638239112,635061.914215086,0.000448421774977769,-0.000133467675394294,7.86267131885345e-06
441,0.194444444444444,0.173333333333333,98172240.0961691,334216.96222014,-36224.3016326025,0.000467009404797633,-0.000138654547936336,-4.48491353546507e-07
442,0.180555555555556,0.186666666666667,94695734.9035146,-312082.272695005,1132469.86560001,0.000451377902787253,-0.000136765727351187,1.40210554788572e-05
443,0.236111111111111,0.173333333333333,98314071.4099042,103876.729243908,229506.922638577,0.000468013849481576,-0.000139954022351083,2.84151428028715e-06
444,0.222222222222222,0.186666666666667,95786272.4003817,-381573.346516058,1083140.29862505,0.000456670211449222,-0.000138654547936336,1.34103084591673e-05
445,0.277777777777778,0.173333333333333,98616929.7745755,-5170.77085764706,300275.691693377,0.000469611814313489,-0.000140905950967763,3.71769904001324e-06
446,0.263888888888889,0.186666666666667,96927770.2897704,-312013.606796231,866331.051174751,0.000462006544627663,-0.000139954022351083,1.0726003490735e-05
447,0.319444444444444,0.173333333333333,98954024.3440664,-49191.8323177658,281768.697281106,0.000471279913779818,-0.000141597138740656,3.48856482348036e-06
448,0.305555555555556,0.186666666666667,97897611.1617089,-220966.354717631,630771.545367245,0.000466494766991067,-0.000140905950967763,7.80955246645161e-06
449,0.361111111111111,0.173333333333333,99257336.8043285,-59843.5930593498,229595.131209068,0.000472739475629744,-0.000142081164925514,2.84260638639799e-06
450,0.347222222222222,0.186666666666667,98638812.9210396,-143755.259225793,429784.991676296,0.000469913997613368,-0.000141597138740656,5.32114751599223e-06
451,0.402777777777778,0.173333333333333,99500493.3533541,-54988.8520759828,171641.499402242,0.000473890428614176,-0.000142405413609915,2.12508523069442e-06
452,0.388888888888889,0.186666666666667,99166098.2602687,-87215.1562772729,276598.794450524,0.000472344108605485,-0.000142081164925514,3.42455650272078e-06
453,0.444444444444444,0.173333333333333,99680834.7071022,-44391.0725318938,120362.913270046,0.000474734057280294,-0.000142612578498393,1.49020749762915e-06
454,0.430555555555556,0.186666666666667,99520046.8606896,-49122.7998753227,168149.157001284,0.000473975160479296,-0.000142405413609915,2.08184670573018e-06
455,0.486111111111111,0.173333333333333,99806736.4644597,-33021.373207517,79919.2715225367,0.000475317347030581,-0.000142738296726407,9.89476695040931e-07
456,0.472222222222222,0.186666666666667,99745196.6169208,-25082.4995863251,95780.8527117146,0.000475012958889508,-0.000142612578498393,1.18585817643075e-06
457,0.527777777777778,0.173333333333333,99890105.2736401,-23090.2261219658,50359.3260826437,0.000475700154007032,-0.000142810103848638,6.23496418166065e-07
458,0.513888888888889,0.186666666666667,99880601.0869797,-10861.9864515103,50069.0197338255,0.000475637427061501,-0.000142738296726407,6.19902149085459e-07
459,0.569444444444445,0.173333333333333,99942540.8229404,-15305.9693610184,29999.6356882161,0.000475938726732137,-0.000142847943886872,3.71424060901723e-07
460,0.555555555555555,0.186666666666667,99956822.9398469,-3074.92625992745,22813.6526689492,0.000475989263893928,-0.000142810103848638,2.82454747329848e-07
461,0.611111111111111,0.173333333333333,99973730.2673251,-9633.55119654909,16691.8101394884,0.000476079144441353,-0.000142865488720924,2.06660506488904e-07
462,0.597222222222222,0.186666666666667,99996033.7718494,741.915311675519,7642.76303412478,0.000476170529510742,-0.000142847943886872,9.4624685184402e-08
463,0.652777777777778,0.173333333333333,99991056.9916414,-5729.20785412192,8427.14445199279,0.000476156075019036,-0.000142871649073079,1.0433607416753e-07
464,0.638888888888889,0.186666666666667,100013384.381905,2262.6831773594,-35.224485923232,0.000476250978937865,-0.000142865488720924,-4.36112682859063e-10
465,0.694444444444445,0.173333333333333,99999788.6181477,-3171.55605265871,3568.66957815601,0.000476194000404588,-0.000142871943530938,4.4183528110503e-08
466,0.680555555555555,0.186666666666667,100018686.898858,2559.7643108964,-3336.72817725726,0.000476275804616975,-0.000142871649073079,-4.13118726708041e-08
467,0.736111111111111,0.173333333333333,100003482.654186,-1571.02501694486,890.966921694874,0.00047620930457948,-0.000142869599148917,1.1031019030508e-08
468,0.722222222222222,0.186666666666667,100017961.40956,2280.28137109801,-4265.13930395413,0.000476272749167376,-0.000142871943530938,-5.28064866203845e-08
469,0.777777777777778,0.173333333333333,100004422.763132,-611.281353216618,-465.813718667208,0.000476212410226372,-0.000142866371953776,-5.76721746921305e-09
470,0.763888888888889,0.186666666666667,100014683.370775,1789.18995987624,-4037.88415543187,0.000476257841018034,-0.000142869599148917,-4.9992851448204e-08
471,0.819444444444445,0.173333333333333,100004001.90182,-56.3245130740106,-1068.52545171329,0.000476209613329398,-0.000142863128071709,-1.32293627354979e-08
472,0.805555555555555,0.186666666666667,100010713.083817,1275.81485213712,-3345.66176092901,0.000476239668282672,-0.000142866371953776,-4.14224789448353e-08
473,0.861111111111111,0.173333333333333,100003024.9712,256.144615054131,-1259.1117604473,0.000476204514894361,-0.00014286024450831,-1.55890027483951e-08
474,0.847222222222222,0.186666666666667,100006953.569415,829.175765678287,-2540.60837290446,0.00047622240388898,-0.000142863128071709,-3.14551512835791e-08
475,0.902777777777778,0.173333333333333,100001930.706782,421.664235025644,-1202.53978707944,0.000476199067654818,-0.00014285789308476,-1.48885878400312e-08
476,0.888888888888889,0.186666666666667,100003805.463505,490.292306434363,-1763.06991268354,0.000476207897027681,-0.00014286024450831,-2.18284846332248e-08
477,0.944444444444445,0.173333333333333,100000941.628578,462.760756950825,-908.637383883705,0.000476194299049292,-0.000142856284418174,-1.12497961814173e-08
478,0.930555555555555,0.186666666666667,100001486.882704,288.517011500895,-1023.29778159663,0.000476197144417144,-0.00014285789308476,-1.2669401105482e-08
479,0.986111111111111,0.173333333333333,100000151.496645,262.746887777001,-245.075336647123,0.000476190822250373,-0.000142856108105265,-3.03426607277391e-09
480,0.972222222222222,0.186666666666667,100000255.286809,256.85822621733,-273.694674677627,0.000476191324901626,-0.000142856284418174,-3.38860073410396e-09
