Elem,xc,yc,s11,s22,s12,e11,e22,g12
1,0.0277777777777778,0.0133333333333333,122270255.642767,8920805.4334679,17875067.9587533,0.000569495304822506,-0.000132191767901724,0.000221310365203612
2,0.0138888888888889,0.0266666666666667,106212800.111757,31863840.0335272,16815973.3747785,0.000460255467150948,0,0.000208197765592496
3,0.0694444444444444,0.0133333333333333,99669316.9865017,1503207.58120365,5257942.0192209,0.000472468355772098,-0.00013522660721308,6.50983297617825e-05
4,0.0555555555555556,0.0266666666666667,103173022.426151,3191635.46848319,3821833.15126101,0.000486740627550504,-0.000132191767901724,4.73179342537077e-05
5,0.111111111111111,0.0133333333333333,94417954.8132023,-41235.3564718887,1925007.36480856,0.000449668216286399,-0.000135079151430631,2.38334245166775e-05
6,0.0972222222222222,0.0266666666666667,100313324.00593,1696409.68703224,-216634.332853563,0.000475259052856289,-0.00013522660721308,-2.68213935913935e-06
7,0.152777777777778,0.0133333333333333,93778618.2276758,-431828.836901791,608040.438780942,0.000447181747041649,-0.000136025782405736,7.52811971824023e-06
8,0.138888888888889,0.0266666666666667,98907151.35297,1305523.60545839,-1311244.242703,0.000469121401292059,-0.000135079151430631,-1.62344525287039e-05
9,0.194444444444444,0.0133333333333333,94626570.8598919,-473998.676290903,46889.4854960827,0.000451279859346568,-0.000137437952067898,5.80536487094357e-07
10,0.180555555555556,0.0266666666666667,98453160.190866,970533.752055284,-1422074.96570837,0.000467438095548807,-0.000136025782405736,-1.76066424325799e-05
11,0.236111111111111,0.0133333333333333,95842092.4903219,-405322.068224486,-173748.133160158,0.000456969948146616,-0.000138847380072957,-2.15116736293529e-06
12,0.222222222222222,0.0266666666666667,98492602.4148643,685810.790200822,-1213790.250709,0.000468032662751448,-0.000137437952067898,-1.50278792944924e-05
13,0.277777777777778,0.0133333333333333,96994958.2323645,-311398.303714506,-234519.333022716,0.000462325608207042,-0.000140047075111542,-2.90357269456696e-06
14,0.263888888888889,0.0266666666666667,98738707.4513789,463662.42009259,-933002.97920052,0.000469521946311196,-0.000138847380072957,-1.15514654567683e-05
15,0.319444444444444,0.0133333333333333,97939118.8073753,-223929.596740931,-223420.810695511,0.000466696655649512,-0.000140979358280731,-2.7661624181349e-06
16,0.305555555555556,0.0266666666666667,99035431.6523476,300743.722280424,-671874.818987997,0.000471167659693635,-0.000140047075111542,-8.31845013985139e-06
17,0.361111111111111,0.0133333333333333,98651068.4972722,-153048.911944978,-184828.306077491,0.000469985634146932,-0.000141658902195841,-2.28835045619751e-06
18,0.347222222222222,0.0266666666666667,99308486.7708708,186880.79230769,-460050.891605251,0.000472630583491326,-0.000140979358280731,-5.69586818177929e-06
19,0.402777777777778,0.0133333333333333,99157240.3476023,-99955.1268011332,-140622.991446911,0.00047232012802687,-0.000142129177290866,-1.74104656077128e-06
20,0.388888888888889,0.0266666666666667,99529937.5700878,110611.809899684,-301096.670239545,0.000473794066795799,-0.000141658902195841,-3.72786353629913e-06
21,0.444444444444444,0.0133333333333333,99499897.373087,-62367.2333336882,-100674.858054252,0.000473898131157557,-0.00014243969735838,-1.24645062352883e-06
22,0.430555555555556,0.0266666666666667,99695773.8327536,61604.918744266,-188327.753018036,0.000474653773129192,-0.000142129177290866,-2.33167694212806e-06
23,0.486111111111111,0.0133333333333333,99721452.2901262,-36989.6318411864,-68504.934554191,0.000474916900855612,-0.000142635358661329,-8.48156332575699e-07
24,0.472222222222222,0.0266666666666667,99812735.1734448,31484.1067736633,-112017.862303171,0.000475253761625775,-0.00014243969735838,-1.38688781899164e-06
25,0.527777777777778,0.0133333333333333,99858054.1566536,-20607.0978517123,-44458.5392689837,0.000475543982314329,-0.000142752492118323,-5.50439057615988e-07
26,0.513888888888889,0.0266666666666667,99891101.3708213,13905.0923673622,-62632.8573117722,0.000475652046871958,-0.000142635358661329,-7.75454423860037e-07
27,0.569444444444445,0.0133333333333333,99937823.5333403,-10514.779912971,-27479.0444886322,0.000475909418891972,-0.000142818389713881,-3.40216741287827e-07
28,0.555555555555555,0.0266666666666667,99941100.4257014,4306.78286261111,-32120.062350096,0.000475903849480203,-0.000142752492118323,-3.9767696242976e-07
29,0.611111111111111,0.0133333333333333,99981277.9146609,-4623.34815809876,-16062.7766265704,0.00047610792818623,-0.000142852412964554,-1.98872472519443e-07
30,0.597222222222222,0.0266666666666667,99971390.0089353,-444.837234456092,-14237.1615783773,0.000476054873619551,-0.000142818389713881,-1.76269619541814e-07
31,0.652777777777778,0.0133333333333333,100002627.54214,-1414.51578747481,-8733.80528345672,0.000476205009032746,-0.000142867632278236,-1.08132827318988e-07
32,0.638888888888889,0.0266666666666667,99988647.5274169,-2412.46433130279,-4432.86575315372,0.000476139863174839,-0.000142852412964554,-5.48830998009509e-08
33,0.694444444444445,0.0133333333333333,100011258.694347,160.961703434587,-4245.121476318,0.000476243859075408,-0.000142872460221908,-5.25586468496514e-08
34,0.680555555555555,0.0266666666666667,99997693.8592089,-2894.62066693604,447.899164816179,0.000476183629740043,-0.000142867632278236,5.54541823105745e-09
35,0.736111111111111,0.0133333333333333,100013083.753902,795.932784166187,-1632.90890290494,0.00047625164273365,-0.00014287204377803,-2.02169673692992e-08
36,0.722222222222222,0.0266666666666667,100001826.536088,-2668.68577423319,2493.06430561356,0.00047620298638962,-0.000142872460221908,3.08665104504537e-08
37,0.777777777777778,0.0133333333333333,100011638.861474,928.677425522357,-200.233183159093,0.000476244572658316,-0.000142869347528651,-2.47907750577925e-09
38,0.763888888888889,0.0266666666666667,100003192.973038,-2171.30147485062,3020.00563303103,0.000476208782683242,-0.00014287204377803,3.73905459327651e-08
39,0.819444444444445,0.0133333333333333,100008915.775861,826.47610681504,525.408779404441,0.000476231751585851,-0.000142865944079293,6.5050610783407e-09
40,0.805555555555555,0.0266666666666667,100003125.624357,-1625.29370965809,2814.3953718373,0.000476207681964141,-0.000142869347528651,3.48448950798904e-08
41,0.861111111111111,0.0133333333333333,100005964.378491,650.095179319382,836.107385210018,0.000476217949285413,-0.000142862567706514,1.03518057216478e-08
42,0.847222222222222,0.0266666666666667,100002411.699611,-1124.74676828459,2307.93269698637,0.000476203567255433,-0.000142865944079293,2.85744048198313e-08
43,0.902777777777778,0.0133333333333333,100003320.143485,497.471888486296,877.948894794025,0.000476205575723421,-0.000142859517005509,1.08698434593546e-08
44,0.888888888888889,0.0266666666666667,100001496.5178,-690.263027921319,1702.35822138901,0.000476198588555753,-0.000142862567706514,2.10768160743401e-08
45,0.944444444444445,0.0133333333333333,100001308.02809,406.487077191472,680.647731346088,0.000476196124199841,-0.000142857075815951,8.42706714999919e-09
46,0.930555555555555,0.0266666666666667,100000635.027952,-308.06277128309,1053.68188438373,0.00047619394022278,-0.000142859517005509,1.30455852352272e-08
47,0.986111111111111,0.0133333333333333,100000242.050254,223.073514502496,232.368244117474,0.000476191310134284,-0.000142856426388389,2.87694016526396e-09
48,0.972222222222222,0.0266666666666667,100000032.608602,23.861230801791,342.690992188629,0.00047619059738206,-0.000142857075815951,4.24284085566873e-09
49,0.0277777777777778,0.0533333333333333,101123376.991153,14899096.2981787,14513648.0819668,0.000460255467150948,-7.35138895198435e-05,0.000179692785776732
50,0.0138888888888889,0.0666666666666667,99897850.7371881,29969355.2211564,11115819.4797014,0.000432890686527815,0,0.000137624431653446
51,0.0694444444444444,0.0533333333333333,104121682.435324,6353835.49905975,8806781.29579903,0.000486740627550504,-0.000118488901102559,0.00010903633985275
52,0.0555555555555556,0.0666666666666667,102014093.774125,15166311.3330703,7223066.37982537,0.000464115239877161,-7.35138895198435e-05,8.9428440893076e-05
53,0.111111111111111,0.0533333333333333,100489360.17552,2283196.91899842,3676023.11749492,0.000475259052856289,-0.000132683862541227,4.55126671689847e-05
54,0.0972222222222222,0.0666666666666667,101769692.122118,5648238.40509809,2466866.24339149,0.000476548669526613,-0.000118488901102559,3.05421534896089e-05
55,0.152777777777778,0.0533333333333333,98697524.0554016,606765.946897205,1152687.67333395,0.000469121401292059,-0.000138107101284397,1.42713711936584e-05
56,0.138888888888889,0.0666666666666667,101059766.678319,2454318.86983805,7828.4267661458,0.000477730814368417,-0.000132683862541227,9.69233790094242e-08
57,0.194444444444444,0.0533333333333333,98138902.3943234,-76992.2364201955,-3877.18877344334,0.000467438095548807,-0.00014056506168913,-4.80032895759652e-08
58,0.180555555555556,0.0666666666666667,100503766.665626,1148638.72996464,-994613.890006549,0.000476948452603033,-0.000138107101284397,-1.23142672096049e-05
59,0.236111111111111,0.0533333333333333,98190750.5214283,-320362.18791936,-465258.878243807,0.000468032662751448,-0.000141798034973085,-5.7603480163519e-06
60,0.222222222222222,0.0666666666666667,100168134.668464,531777.445822109,-1250662.31349914,0.000476231435403418,-0.00014056506168913,-1.54843905480846e-05
61,0.277777777777778,0.0533333333333333,98489980.4714327,-365427.513061322,-582165.457163456,0.000469521946311196,-0.000142440103116624,-7.20776280297613e-06
62,0.263888888888889,0.0666666666666667,99996548.0641681,221377.074902572,-1165013.82117554,0.000475857785436654,-0.000141798034973085,-1.44239806431257e-05
63,0.319444444444444,0.0533333333333333,98847080.5293352,-327093.354427658,-541642.548745921,0.000471167659693635,-0.000142767702443944,-6.70605060352093e-06
64,0.305555555555556,0.0666666666666667,99925365.2007779,65187.9057422616,-951899.983362948,0.000475741946805025,-0.000142440103116624,-1.1785428365446e-05
65,0.361111111111111,0.0533333333333333,99174067.2096543,-261184.411747023,-442208.122678013,0.000472630583491326,-0.000142920974164968,-5.47495770934683e-06
66,0.347222222222222,0.0666666666666667,99908180.1463668,-8763.46931817383,-717869.280444089,0.000475765758034106,-0.000142767702443944,-8.88790537692682e-06
67,0.402777777777778,0.0533333333333333,99438582.4794019,-193905.159053203,-333129.52133875,0.000473794066795799,-0.00014297847572797,-4.12446074038453e-06
68,0.388888888888889,0.0666666666666667,99916134.5818259,-38564.2000955418,-510244.279845837,0.000475846208770736,-0.000142920974164968,-6.31731013142465e-06
69,0.444444444444444,0.0533333333333333,99636441.5475804,-136169.365166411,-236411.389047397,0.000474653773129192,-0.000142986199187812,-2.92699815011063e-06
70,0.430555555555556,0.0666666666666667,99933090.9544592,-45552.6165360063,-344968.74073561,0.000475936936854381,-0.00014297847572797,-4.2710415519647e-06
71,0.486111111111111,0.0533333333333333,99775954.4689724,-91118.2414675951,-159490.527623274,0.000475253761625775,-0.000142970974200759,-1.97464462771673e-06
72,0.472222222222222,0.0666666666666667,99950955.1533121,-41815.2834468931,-222496.622911499,0.000476016665420696,-0.000142986199187812,-2.75472009318999e-06
73,0.527777777777778,0.0533333333333333,99869468.7851839,-58203.5264239758,-102568.177464887,0.000475652046871958,-0.000142947829342758,-1.26989172099384e-06
74,0.513888888888889,0.0666666666666667,99966277.4106969,-34021.3589502387,-136652.557285654,0.000476078494373248,-0.000142970974200759,-1.69188880448905e-06
75,0.569444444444445,0.0533333333333333,99929189.5184401,-35396.241341833,-62739.8347688108,0.000475903849480203,-0.000142924538556542,-7.76778906661467e-07
76,0.555555555555555,0.0666666666666667,99978066.2708745,-25624.2807168067,-79341.4207648533,0.000476122635976617,-0.000142947829342758,-9.82322352326755e-07
77,0.611111111111111,0.0533333333333333,99965424.0924203,-20331.225617893,-36203.5466868236,0.000476054873619551,-0.000142904564063543,-4.4823438755115e-07
78,0.597222222222222,0.0666666666666667,99986490.999229,-18205.7971051559,-42839.5622227624,0.000476152155896955,-0.000142924538556542,-5.30394579900868e-07
79,0.652777777777778,0.0533333333333333,99986117.7189004,-10845.1593863629,-19336.7069076551,0.000476139863174839,-0.000142888954643126,-2.39406847428111e-07
80,0.638888888888889,0.0666666666666667,99992165.2543073,-12308.877051793,-20725.1948551103,0.000476170751987728,-0.000142904564063543,-2.56597650587079e-07
81,0.694444444444445,0.0533333333333333,99997008.6882924,-5178.52372189239,-9132.90273583837,0.000476183629740043,-0.000142877529191474,-1.13074033872285e-07
82,0.680555555555555,0.0666666666666667,99995784.3722077,-7945.16339418665,-8089.00834726721,0.000476181752005838,-0.000142888954643126,-1.00149627156642e-07
83,0.736111111111111,0.0533333333333333,100002026.376187,-2002.55211175233,-3300.41576282122,0.00047620298638962,-0.000142869573642703,-4.08622903968342e-08
84,0.722222222222222,0.0666666666666667,99997964.6127722,-4891.7463779822,-1403.50461643624,0.000476187772079455,-0.000142877529191475,-1.73767238225439e-08
85,0.777777777777778,0.0533333333333333,100003734.858703,-365.015926610678,-201.623706472574,0.000476208782683242,-0.000142864216540654,-2.49629350870806e-09
86,0.763888888888889,0.0666666666666667,99999189.8144663,-2853.52062783763,1735.58980660851,0.000476190694622165,-0.000142869573642703,2.14882547484863e-08
87,0.819444444444445,0.0533333333333333,100003731.015077,392.675357956439,1265.45103578594,0.000476207681964141,-0.000142860602996024,1.56674890144926e-08
88,0.805555555555555,0.0666666666666667,99999809.5575942,-1542.60625921562,2884.13051122571,0.000476191773045104,-0.000142864216540655,3.57082825199373e-08
89,0.861111111111111,0.0533333333333333,100002964.518696,717.983516756445,1791.04515865771,0.000476203567255433,-0.000142857958914724,2.21748448214765e-08
90,0.847222222222222,0.0666666666666667,100000057.723186,-709.312209319323,2989.09472231158,0.000476191764365946,-0.000142860602996024,3.70078394190958e-08
91,0.902777777777778,0.0533333333333333,100001975.910699,907.713301163167,1761.47102134796,0.000476198588555753,-0.000142855643142421,2.18086888357366e-08
92,0.888888888888889,0.0666666666666667,100000076.544648,-148.408697705716,2575.05866552183,0.000476191052701224,-0.000142857958914724,3.18816787159846e-08
93,0.944444444444445,0.0533333333333333,100001060.101743,1108.84986273572,1351.16248832474,0.00047619394022278,-0.000142853377050762,1.67286784268778e-08
94,0.930555555555555,0.0666666666666667,99999944.6039996,298.321291472763,1876.36660942491,0.000476189786226724,-0.000142855643142421,2.32312056404988e-08
95,0.986111111111111,0.0533333333333333,100000369.036065,1145.28610686585,617.947124780345,0.00047619059738206,-0.000142852216308155,7.65077392585189e-09
96,0.972222222222222,0.0666666666666667,99999723.7237035,707.936451040208,913.921862421307,0.000476188149251277,-0.000142853377050762,1.13152230585495e-08
97,0.0277777777777778,0.0933333333333333,96168417.9973968,17537912.7551855,10301921.3903026,0.000432890686527815,-5.38695840192074e-05,0.000127547598165651
98,0.0138888888888889,0.106666666666667,97665444.5491227,29299633.3647368,6938854.81113519,0.000423216926379532,0,8.59096309950071e-05
99,0.0694444444444444,0.0933333333333333,100380943.126838,9722475.84211515,7641153.16736878,0.000464115239877161,-9.71038433139825e-05,9.46047535007563e-05
100,0.0555555555555556,0.106666666666667,100438293.299982,18818875.345961,5359175.63176643,0.000451393479505684,-5.38695840192074e-05,6.63516982980606e-05
101,0.111111111111111,0.0933333333333333,101482939.277098,4692395.58836286,4228091.25456431,0.000476548669526613,-0.000122630886641745,5.2347796485082e-05
102,0.0972222222222222,0.106666666666667,101712989.084159,10122089.6293114,2809203.65349911,0.000469887439025551,-9.71038433139825e-05,3.478061666237e-05
103,0.152777777777778,0.0933333333333333,100897494.880392,1913412.87674969,1714621.29726126,0.000477730814368417,-0.000135027788511276,2.12286446327585e-05
104,0.138888888888889,0.106666666666667,101904046.194038,4818727.66344485,699315.336580877,0.000478373466166686,-0.000122630886641745,8.65818988147752e-06
105,0.194444444444444,0.0933333333333333,100314404.856409,517432.699239623,325942.419550217,0.000476948452603033,-0.000140842327417538,4.03547757538364e-06
106,0.180555555555556,0.106666666666667,101644345.780615,2137468.14681644,-463021.078725159,0.000480967168269381,-0.000135027788511276,-5.73264192707339e-06
107,0.236111111111111,0.0933333333333333,99971452.7717008,-123828.876723047,-321184.392363683,0.000476231435403418,-0.000143406022420159,-3.97656866735988e-06
108,0.222222222222222,0.106666666666667,101270964.979451,804400.736152403,-929041.20322705,0.000481093546469551,-0.000140842327417538,-1.15024148970968e-05
109,0.277777777777778,0.0933333333333333,99819720.6426394,-368047.663526189,-548242.79856408,0.000475857785436654,-0.00014435220883961,-6.78776798222194e-06
110,0.263888888888889,0.106666666666667,100919539.964203,160597.281027712,-998702.323032273,0.000480339813237596,-0.000143406022420159,-1.23648859042091e-05
111,0.319444444444444,0.0933333333333333,99781627.0968024,-413939.107509766,-561696.899348451,0.000475741946805025,-0.00014451632017405,-6.95434256336178e-06
112,0.305555555555556,0.106666666666667,100633661.883261,-123865.291339584,-880917.289104193,0.000479384864146016,-0.00014435220883961,-1.09065950079567e-05
113,0.361111111111111,0.0933333333333333,99799588.1989656,-370736.627321891,-482276.140667003,0.000475765758034105,-0.000144336252795293,-5.97103793206766e-06
114,0.347222222222222,0.106666666666667,100418653.723926,-222831.119372696,-698559.935683153,0.000478502395522561,-0.00014451632017405,-8.64883729893428e-06
115,0.402777777777778,0.0933333333333333,99838727.0189898,-296589.40954924,-375352.180933599,0.000475846208770736,-0.000144039083405934,-4.64721747822552e-06
116,0.388888888888889,0.106666666666667,100265447.001908,-230978.986439154,-515385.787122024,0.000477784479513523,-0.000144336252795293,-6.38096688817744e-06
117,0.444444444444444,0.0933333333333333,99880630.0664956,-220422.243081409,-272875.018321488,0.000475936936854381,-0.000143736244109667,-3.37845260778985e-06
118,0.430555555555556,0.106666666666667,100160988.518509,-199910.959693421,-359251.124473335,0.000477242675268654,-0.000144039083405934,-4.44787106490795e-06
119,0.486111111111111,0.0933333333333333,99917065.4176322,-154781.069046155,-187781.504082982,0.000476016665420695,-0.000143475717592075,-2.32491386007502e-06
120,0.472222222222222,0.106666666666667,100092619.502392,-156825.412312362,-238160.561627549,0.000476855557743267,-0.000143736244109667,-2.94865457253155e-06
121,0.527777777777778,0.0933333333333333,99945446.9147966,-103456.345284611,-122968.260244885,0.000476078494373248,-0.000143271859141541,-1.52246417446048e-06
122,0.513888888888889,0.106666666666667,100049703.819596,-114989.54845693,-150317.185192433,0.000476591431829206,-0.000143475717592075,-1.86106991190632e-06
123,0.569444444444445,0.0933333333333333,99965969.2144062,-65947.8022776954,-76612.4290756808,0.000476122635976617,-0.000143122564602855,-9.48534836175095e-07
124,0.555555555555555,0.106666666666667,100023995.562951,-79891.7508382536,-89960.05138093,0.000476418871848584,-0.000143271859141541,-1.11379111233532e-06
125,0.611111111111111,0.0933333333333333,99979956.3034215,-39988.11646346,-45147.6799647244,0.000476152155896955,-0.000143018928607095,-5.58971275753731e-07
126,0.597222222222222,0.106666666666667,100009454.623612,-52902.1795158312,-50482.3125895723,0.000476311072749844,-0.000143122564602855,-6.25019108251848e-07
127,0.652777777777778,0.0933333333333333,99988992.9127335,-22883.348964408,-24797.7858005601,0.000476170751987728,-0.000142950386775164,-3.07020205149791e-07
128,0.638888888888889,0.106666666666667,100001857.767379,-33417.6772762612,-25903.4913912195,0.00047624706224077,-0.000143018928607095,-3.20709893415099e-07
129,0.694444444444445,0.0933333333333333,99994522.3438159,-12151.9247008301,-12265.4208128211,0.000476181752005839,-0.000142907183942122,-1.5185759101588e-07
130,0.680555555555555,0.106666666666667,99998374.7984432,-20068.783251524,-11410.5364767129,0.000476211406825803,-0.000142950386775164,-1.41273308759302e-07
131,0.736111111111111,0.0933333333333333,99997702.0912414,-5766.81814732403,-4956.96487322606,0.000476187772079455,-0.000142881321169142,-6.13719460494655e-08
132,0.722222222222222,0.106666666666667,99997186.9372116,-11352.5466821231,-3416.57500913985,0.00047619329857722,-0.000142907183942122,-4.23004524941124e-08
133,0.777777777777778,0.0933333333333333,99999389.1732083,-2188.99148768932,-975.699339812036,0.000476190694622165,-0.000142866694016429,-1.20800870643395e-08
134,0.763888888888889,0.106666666666667,99997175.4845665,-5924.80014980212,596.346601768088,0.000476185490117197,-0.000142881321169142,7.38333887903347e-09
135,0.819444444444445,0.0933333333333333,100000181.149252,-303.96740116179,982.077806236947,0.000476191773045106,-0.000142858849105604,1.21590585534098e-08
136,0.805555555555555,0.106666666666667,99997683.4920531,-2700.69583425298,2302.95574290301,0.000476183303337159,-0.000142866694016429,2.8512785388323e-08
137,0.861111111111111,0.0933333333333333,100000472.713172,673.987745605409,1755.49391131508,0.000476191764365946,-0.00014285460869622,2.17346865210438e-08
138,0.847222222222222,0.106666666666667,99998341.325413,-855.914552848786,2754.32762127784,0.000476183800475137,-0.000142858849105604,3.41011991205828e-08
139,0.902777777777778,0.0933333333333333,100000508.344869,1290.92537168041,1836.69706921483,0.000476191052701224,-0.000142851721800423,2.27400589521837e-08
140,0.888888888888889,0.106666666666667,99998943.1095424,215.106656588614,2558.3348805967,0.000476185136083549,-0.00014285460869622,3.16746223311972e-08
141,0.944444444444445,0.0933333333333333,100000425.86285,1902.5174584426,1460.55727730537,0.000476189786226724,-0.000142848691625697,1.80830900999712e-08
142,0.930555555555555,0.106666666666667,99999361.7529507,946.947796292603,2006.98632223412,0.000476186084136247,-0.000142851721800423,2.48484020848034e-08
143,0.986111111111111,0.0933333333333333,100000303.684761,2641.13997508585,644.25924993532,0.000476188149251277,-0.000142844999835491,7.97654309443729e-09
144,0.972222222222222,0.106666666666667,99999490.3443849,1621.86191901192,1133.8631235297,0.000476185732313377,-0.000142848691625697,1.40383053389391e-08
145,0.0277777777777778,0.133333333333333,94510778.2765661,18784079.1228816,6613242.71582826,0.000423216926379532,-4.55674017147059e-05,8.18782431483499e-05
146,0.0138888888888889,0.146666666666667,96772337.0877094,29031701.1263128,3405628.58587184,0.000419346794046741,0,4.21649253488894e-05
147,0.0694444444444444,0.133333333333333,98270880.7520882,11594166.8529821,5336813.4581719,0.000451393479505684,-8.51766541554492e-05,6.60748332916521e-05
148,0.0555555555555556,0.146666666666667,99612424.7929909,20314573.077809,2776221.12891456,0.000445324061284039,-4.55674017147059e-05,3.43722615960851e-05
149,0.111111111111111,0.133333333333333,100584645.532791,6360944.45808486,3433311.77123272,0.000469887439025551,-0.000113402139055964,4.25076695485956e-05
150,0.0972222222222222,0.146666666666667,101376102.365623,12525733.3370427,1668621.22041102,0.000464849439831003,-8.51766541554492e-05,2.06591198717555e-05
151,0.152777777777778,0.133333333333333,101363553.275216,3017084.60070585,1723841.30714086,0.000478373466166686,-0.000130438006580281,2.13427971360296e-05
152,0.138888888888889,0.146666666666667,102104041.417483,6816763.22349255,562928.561701081,0.000476471487859218,-0.000113402139055964,6.96959171629909e-06
153,0.194444444444444,0.133333333333333,101334710.926222,1105351.96550686,575158.520546947,0.000480967168269381,-0.000139500291963618,7.12101025439078e-06
154,0.180555555555556,0.146666666666667,102147854.128477,3252374.8566843,-195240.036685283,0.000481772103197486,-0.000130438006580281,-2.41725759705588e-06
155,0.236111111111111,0.133333333333333,101066358.459789,122379.003944874,-48518.5954961537,0.000481093546469551,-0.000143797754923771,-6.0070642042857e-07
156,0.222222222222222,0.146666666666667,101858840.443894,1262590.82080859,-562193.367332028,0.000483238396179295,-0.000139500291963618,-6.96048930982511e-06
157,0.277777777777778,0.133333333333333,100777147.115474,-314045.54806916,-319354.785747717,0.000480339813237596,-0.000145462808012912,-3.95391639497174e-06
158,0.263888888888889,0.146666666666667,101462651.173353,241266.81801407,-656357.214719604,0.000482810814894995,-0.000143797754923771,-8.12632742033795e-06
159,0.319444444444444,0.133333333333333,100535071.866155,-452498.681693625,-388994.469158847,0.000479384864146016,-0.000145776286864477,-4.81612199910953e-06
160,0.305555555555556,0.146666666666667,101077009.131395,-224086.943293091,-602970.104870264,0.000481639215306583,-0.000145462808012912,-7.4653441555366e-06
161,0.361111111111111,0.133333333333333,100352472.747947,-443434.372636825,-359766.025305477,0.000478502395522561,-0.000145472267604861,-4.45424602759162e-06
162,0.347222222222222,0.146666666666667,100752087.769893,-387393.910572156,-489559.379431324,0.000480325266395548,-0.000145776286864477,-6.06121136438782e-06
163,0.402777777777778,0.133333333333333,100222889.427636,-372837.567345738,-292304.386540069,0.000477784479513523,-0.000144950973312555,-3.61900669049609e-06
164,0.388888888888889,0.146666666666667,100500948.666877,-398891.596957609,-366417.46184835,0.000479145791171261,-0.000145472267604861,-4.53659714669385e-06
165,0.444444444444444,0.133333333333333,100135000.511227,-286537.650634889,-218779.952805632,0.000477242675268654,-0.000144414465733347,-2.70870417759354e-06
166,0.430555555555556,0.146666666666667,100318562.870705,-344135.534425046,-257645.415051524,0.000478199064433488,-0.000144950973312555,-3.18989561492363e-06
167,0.486111111111111,0.133333333333333,100077726.870067,-206467.520063244,-153926.68634591,0.000476855557743267,-0.000143951359909921,-1.90575897380651e-06
168,0.472222222222222,0.146666666666667,100192739.077036,-269216.080892038,-171638.676159667,0.000477492875720495,-0.000144414465733347,-2.12505027626255e-06
169,0.527777777777778,0.133333333333333,100041872.954336,-141092.432658777,-102702.27345671,0.000476591431829206,-0.000143588830090283,-1.27155195708308e-06
170,0.513888888888889,0.146666666666667,100109924.686305,-196808.175191808,-108553.188342875,0.000476995081613633,-0.000143951359909921,-1.34399185567369e-06
171,0.569444444444445,0.133333333333333,100020408.870374,-91847.3927622326,-65125.160092901,0.000476418871848584,-0.000143323666923212,-8.06311505912108e-07
172,0.555555555555555,0.146666666666667,100057939.260691,-136272.54075221,-64940.5911873087,0.000476661052490079,-0.000143588830090283,-8.04026367080964e-07
173,0.611111111111111,0.133333333333333,100008244.885634,-56934.6394432709,-39107.8814434506,0.000476311072749844,-0.000143140038595874,-4.84192817871293e-07
174,0.597222222222222,0.146666666666667,100026974.160334,-89877.8057743162,-36332.8544559429,0.000476447321438409,-0.000143323666923212,-4.49835340883103e-07
175,0.652777777777778,0.133333333333333,100001853.013499,-33433.5235422514,-21988.0374235472,0.00047624706224077,-0.000143018997274247,-2.72232844291537e-07
176,0.638888888888889,0.146666666666667,100009687.440759,-56501.8729057014,-18514.1106796147,0.000476317323822053,-0.000143140038595874,-2.29222322699991e-07
177,0.694444444444445,0.133333333333333,99998883.4116797,-18373.405796241,-11267.7483711654,0.000476211406825803,-0.000142943040139525,-1.39505456023953e-07
178,0.680555555555555,0.146666666666667,100000887.015701,-33723.3228817061,-8025.81692922753,0.000476242876250311,-0.000143018997274247,-9.93672572190075e-08
179,0.736111111111111,0.133333333333333,99997832.737315,-9199.87967066094,-4903.44289649166,0.00047619329857722,-0.000142897855718406,-6.07092930041825e-08
180,0.722222222222222,0.146666666666667,99997078.0914951,-18915.001851622,-2265.25327650872,0.00047620358377167,-0.000142943040139525,-2.80459929472509e-08
181,0.777777777777778,0.133333333333333,99997780.3929027,-3908.43902903795,-1360.93836244537,0.000476185490117197,-0.000142872583604285,-1.68497130588474e-08
182,0.763888888888889,0.146666666666667,99996015.8438004,-9744.94772505388,604.069799454814,0.00047618542537199,-0.000142897855718406,7.4789594218215e-09
183,0.819444444444445,0.133333333333333,99998189.8925392,-1012.6942140311,436.651445469977,0.000476183303337159,-0.000142859379342742,5.40616075343781e-09
184,0.805555555555555,0.146666666666667,99996324.2587195,-4345.27928399295,1807.38792816413,0.000476179180202404,-0.000142872583604285,2.23771838725082e-08
185,0.861111111111111,0.133333333333333,99998764.9435306,556.145839180797,1196.97663611791,0.000476183800475137,-0.000142852730177238,1.48197107328885e-08
186,0.847222222222222,0.146666666666667,99997197.4835,-1310.41692578048,2116.18500791238,0.000476179002897989,-0.000142859379342742,2.62003858122486e-08
187,0.902777777777778,0.133333333333333,99999348.2704601,1565.64304895699,1344.24744692868,0.000476185136083549,-0.000142848756371853,1.66430636286408e-08
188,0.888888888888889,0.146666666666667,99998176.8627855,379.721615634859,1979.1455416261,0.000476181252125242,-0.000142852730177238,2.4503706705847e-08
189,0.944444444444445,0.133333333333333,99999853.9830522,2587.7148013413,1078.48199277366,0.000476186084136247,-0.000142844611810068,1.33526341962453e-08
190,0.930555555555555,0.146666666666667,99998984.9921988,1456.65957058594,1612.05418565796,0.000476183561877751,-0.000142848756371853,1.99587661081461e-08
191,0.986111111111111,0.133333333333333,100000231.254783,4091.56324639544,376.99445076117,0.000476185732313377,-0.000142837989586612,4.66755034275734e-09
192,0.972222222222222,0.146666666666667,99999389.2366742,2448.29088794068,1030.3097712728,0.000476184070235275,-0.000142844611810068,1.27562162157585e-08
193,0.0277777777777778,0.173333333333333,93837687.4201281,19249535.5677083,3312857.1938766,0.000419346794046741,-4.2389384087286e-05,4.10163271622818e-05
194,0.0138888888888889,0.186666666666667,96517878.4125225,28955363.5237567,118820.958180735,0.000418244139787597,0,1.47111662509481e-06
195,0.0694444444444444,0.173333333333333,97229603.3224109,12371834.8425426,2839126.49925352,0.000445324061284039,-7.99859340675273e-05,3.51510899907579e-05
196,0.0555555555555556,0.186666666666667,99366333.0560981,20908129.2584993,93883.1876044676,0.000443304258469277,-4.2389384087286e-05,1.16236327510293e-06
197,0.111111111111111,0.173333333333333,99766892.9038809,7161701.79790121,2051942.52956739,0.000464849439831003,-0.000108420790825062,2.54050027470249e-05
198,0.0972222222222222,0.186666666666667,101213680.082417,13567057.8705443,37379.7113906504,0.000462588393910731,-7.99859340675273e-05,4.62796426741386e-07
199,0.152777777777778,0.173333333333333,101151127.87101,3640384.73524773,1238710.33364852,0.000476471487859218,-0.000127166445838358,1.53364136546959e-05
200,0.138888888888889,0.186666666666667,102088466.057943,7858173.74411984,-83389.2548629535,0.000474909590165272,-0.000108420790825062,-1.03243839354133e-06
201,0.194444444444444,0.173333333333333,101620970.169445,1496094.99324194,597816.100544752,0.000481772103197486,-0.000138048552655197,7.40153267341122e-06
202,0.180555555555556,0.186666666666667,102257095.554761,3972175.04037298,-203217.872243949,0.000481264014488805,-0.000127166445838358,-2.5160307992108e-06
203,0.236111111111111,0.173333333333333,101576952.212941,322963.384295769,187709.755122563,0.000483238396179295,-0.000143572010855173,2.32402553961269e-06
204,0.222222222222222,0.186666666666667,102026737.132304,1617825.08209984,-265140.571885863,0.000483530426703211,-0.000138048552655197,-3.28269279477736e-06
205,0.277777777777778,0.173333333333333,101319333.470381,-236458.858559158,-30061.4012412549,0.000482810814894995,-0.000145867899522255,-3.72188777272679e-07
206,0.263888888888889,0.186666666666667,101634207.73617,340140.041264493,-264929.872761218,0.000483486503446621,-0.000143572010855173,-3.28008413894841e-06
207,0.319444444444444,0.173333333333333,101011501.982051,-442444.107770462,-121204.452410743,0.000481639215306583,-0.000146409022392314,-1.50062655365681e-06
208,0.305555555555556,0.186666666666667,101222769.901793,-265427.929135721,-226528.900299583,0.000482392372764445,-0.000145867899522255,-2.80464352751865e-06
209,0.361111111111111,0.173333333333333,100729017.630447,-464294.375393189,-141207.523832557,0.000480325266395548,-0.000146109522212035,-1.74828362840308e-06
210,0.347222222222222,0.186666666666667,100862582.900115,-487119.83235148,-174239.91159873,0.000480993899284857,-0.000146409022392314,-2.15725604836523e-06
211,0.402777777777778,0.173333333333333,100499546.832646,-403564.37772987,-127279.33491366,0.000479145791171261,-0.000145492516321541,-1.57583938464531e-06
212,0.388888888888889,0.186666666666667,100577935.893613,-509618.896443397,-123590.458535015,0.000479670578869267,-0.000146109522212035,-1.53016758186209e-06
213,0.444444444444444,0.173333333333333,100326839.221761,-316547.69757206,-101177.237120794,0.000478199064433488,-0.000144831426019525,-1.25267055482887e-06
214,0.430555555555556,0.186666666666667,100368468.41559,-442887.902846672,-81780.7959029873,0.000478577784697351,-0.000145492516321541,-1.01252413975127e-06
215,0.486111111111111,0.173333333333333,100204080.934089,-231409.890714779,-74128.0233561799,0.000477492875720495,-0.000144250638909246,-9.1777552726699e-07
216,0.472222222222222,0.186666666666667,100222865.71865,-347739.748505265,-50602.5937578153,0.000477748512586675,-0.000144831426019525,-6.2650830366819e-07
217,0.527777777777778,0.173333333333333,100120981.112697,-159953.420553561,-51000.5297006997,0.000476995081613633,-0.000143791655973155,-6.31435129627711e-07
218,0.513888888888889,0.186666666666667,100126679.680628,-254630.266753215,-29074.2076942134,0.000477157470288828,-0.000144250638909246,-3.59966380975975e-07
219,0.569444444444445,0.173333333333333,100067269.018654,-105173.347543046,-33197.1853695492,0.000476661052490079,-0.00014345406691971,-4.11012771242038e-07
220,0.555555555555555,0.186666666666667,100066256.325591,-176370.856685396,-15172.7160715224,0.000476757940869506,-0.000143791655973155,-1.8785267517123e-07
221,0.611111111111111,0.173333333333333,100034187.112162,-65834.6330143102,-20448.7927678138,0.000476447321438409,-0.000143219479841251,-2.53175529506267e-07
222,0.597222222222222,0.186666666666667,100030334.393286,-116253.735153321,-6775.70260342445,0.000476501002446819,-0.00014345406691971,-8.38896512804933e-08
223,0.652777777777778,0.173333333333333,100014915.933083,-39073.5651608333,-11835.4982190017,0.000476317323822053,-0.000143064515928979,-1.46534739854307e-07
224,0.638888888888889,0.186666666666667,100010380.43512,-72976.6361267827,-2077.6166491599,0.000476344159171229,-0.000143219479841251,-2.57228727991226e-08
225,0.694444444444445,0.173333333333333,100004476.920382,-21756.9739442281,-6315.32028188868,0.000476242876250312,-0.000142967143095519,-7.81896796805265e-08
226,0.680555555555555,0.186666666666667,100000323.10334,-43451.414083574,291.504115988046,0.000476254088226502,-0.000143064515928979,3.60909857889961e-09
227,0.736111111111111,0.173333333333333,99999421.9761261,-11102.0530818366,-2962.77116600423,0.00047620358377167,-0.000142909184028189,-3.66819287219572e-08
228,0.722222222222222,0.186666666666667,99996066.7603247,-24280.0219614953,1291.63235644157,0.000476206432223396,-0.000142967143095519,1.59916386988004e-08
229,0.777777777777778,0.173333333333333,99997474.2342564,-4883.64620476216,-1049.63994801555,0.00047618542537199,-0.000142876790078484,-1.29955422135258e-08
230,0.763888888888889,0.186666666666667,99994982.3849434,-12433.9304366373,1552.9880539483,0.000476184345543211,-0.000142909184028189,1.92274711441218e-08
231,0.819444444444445,0.173333333333333,99997198.6330817,-1430.6980766505,-48.2204722866163,0.000476179180202404,-0.000142859953752387,-5.97015371167631e-10
232,0.805555555555555,0.186666666666667,99995464.3209113,-5486.62020830438,1464.58831717103,0.000476176715747494,-0.000142876790078484,1.81329982125938e-08
233,0.861111111111111,0.173333333333333,99997732.027216,471.395460858941,396.94049527674,0.000476179002897989,-0.000142851658155733,4.91450137009297e-09
234,0.847222222222222,0.186666666666667,99996580.2507068,-1616.21278914437,1250.70276622148,0.000476176500545445,-0.000142859953752387,1.54848913913136e-08
235,0.902777777777778,0.173333333333333,99998576.629605,1712.27768070251,502.554532724208,0.000476181252125242,-0.000142846955767623,6.22210373849019e-09
236,0.888888888888889,0.186666666666667,99997809.5103661,494.640405893326,1028.15927673737,0.000476179338658306,-0.000142851658155733,1.27295910453198e-08
237,0.944444444444445,0.173333333333333,99999448.1135155,3000.39729273692,366.298350986052,0.000476183561877751,-0.000142842066841723,4.53512244077969e-09
238,0.930555555555555,0.186666666666667,99998846.4992496,1793.23857410252,841.31830819138,0.000476182421560369,-0.000142846955767623,1.04163219109409e-08
239,0.986111111111111,0.173333333333333,100000164.001208,5030.83933254331,-51.897181203906,0.000476184070235275,-0.000142833420766808,-6.42536529191218e-10
240,0.972222222222222,0.186666666666667,99999431.9583573,2995.5507452935,667.166532321076,0.000476183491872065,-0.000142842066841723,8.26015706683236e-09
241,0.0277777777777778,0.213333333333333,93563413.6695829,19107147.713958,205753.690028792,0.000418244139787597,-4.26756018424612e-05,2.54742663845171e-06
242,0.0138888888888889,0.226666666666667,96756322.47702,29026896.743106,-3190179.55391164,0.00041927739740042,0,-3.9497461143668e-05
243,0.0694444444444444,0.213333333333333,96770125.0881731,12254102.6987495,367401.944216142,0.000443304258469277,-7.98901658462021e-05,4.54878597600937e-06
244,0.0555555555555556,0.226666666666667,99603838.1163331,20919275.0479831,-2611972.72822692,0.000444419312390182,-4.26756018424612e-05,-3.23387099685237e-05
245,0.111111111111111,0.213333333333333,99288886.9315798,7151080.70108749,503819.680615795,0.000462588393910731,-0.00010778850180184,6.2377674742908e-06
246,0.0972222222222222,0.226666666666667,101283357.174204,13608072.3245589,-1682360.24850827,0.000462861597508747,-7.98901658462021e-05,-2.08292221243881e-05
247,0.152777777777778,0.213333333333333,100844757.82292,3712479.62737578,525024.293035294,0.000474909590165272,-0.000126385465330953,6.50030077091316e-06
248,0.138888888888889,0.226666666666667,101999873.330002,7964376.62061424,-868696.998103072,0.000474336001637228,-0.00010778850180184,-1.07552961669904e-05
249,0.194444444444444,0.213333333333333,101543965.900188,1595076.19179577,453366.198715914,0.000481264014488805,-0.000137467207515526,5.61310531743513e-06
250,0.180555555555556,0.226666666666667,102082850.369925,4083907.39147745,-322655.902753129,0.000480274657868963,-0.000126385465330953,-3.99478736741969e-06
251,0.236111111111111,0.213333333333333,101665140.157911,412501.834122293,347092.882361824,0.000483530426703211,-0.0001432716200631,4.29734044828925e-06
252,0.222222222222222,0.226666666666667,101828085.457208,1680312.05890201,-15873.8719133016,0.000482495199235895,-0.000137467207515526,-1.96533652259924e-07
253,0.277777777777778,0.213333333333333,101481692.582016,-168243.805912878,246632.900892982,0.000483486503446621,-0.000145775007526275,3.05355020153216e-06
254,0.263888888888889,0.226666666666667,101446270.385798,346840.902488347,128624.893146921,0.000482581991024054,-0.0001432716200631,1.59249867705712e-06
255,0.319444444444444,0.213333333333333,101183991.304243,-394689.920966644,167155.683696467,0.000482392372764445,-0.000146428034820189,2.0695465600515e-06
256,0.305555555555556,0.226666666666667,101061805.978937,-294209.786836654,177550.345231072,0.000481666994833277,-0.000145775007526275,2.19824236952756e-06
257,0.361111111111111,0.213333333333333,100879015.250165,-432345.33218332,109563.051933086,0.000480993899284857,-0.000146171666224918,1.35649492869535e-06
258,0.347222222222222,0.226666666666667,100733682.634747,-529782.521815456,175956.485820235,0.000480441035196628,-0.000146428034820189,2.17850887206006e-06
259,0.402777777777778,0.213333333333333,100615993.772967,-382759.298597053,69826.6673275507,0.000479670578869267,-0.000145559797288034,8.64520643103009e-07
260,0.388888888888889,0.226666666666667,100480018.072867,-552044.485372823,151400.710050451,0.000479264911516565,-0.000146171666224918,1.87448498157701e-06
261,0.444444444444444,0.213333333333333,100410355.887888,-303262.995187648,43271.5083539654,0.000478577784697351,-0.000144887475055019,5.35742484382429e-07
262,0.430555555555556,0.226666666666667,100297400.41665,-478337.305492081,119614.350435233,0.000478290007658561,-0.000145559797288034,1.48093957681717e-06
263,0.486111111111111,0.213333333333333,100260262.655936,-223083.290885728,25970.4741039547,0.000477748512586675,-0.000144291248036507,3.2153920319182e-07
264,0.472222222222222,0.226666666666667,100173410.76495,-374346.532068904,88816.752503641,0.000477551022497955,-0.000144887475055019,1.09963598337841e-06
265,0.527777777777778,0.213333333333333,100156615.174685,-154845.286564011,14973.7074188478,0.000477157470288828,-0.000143818237328426,1.85388758519069e-07
266,0.513888888888889,0.226666666666667,100093649.554935,-273067.221186072,62667.4733492751,0.000477026522482337,-0.000144291248036507,7.75883003371978e-07
267,0.569444444444445,0.213333333333333,100088530.457836,-102123.749199837,8174.08339544781,0.000476757940869506,-0.000143469918507384,1.01202937276973e-07
268,0.555555555555555,0.226666666666667,100045110.184664,-188296.783570364,42220.7958195862,0.000476674281998737,-0.000143818237328426,5.2273366252821e-07
269,0.611111111111111,0.213333333333333,100045987.166154,-64077.8255923837,4107.13550002705,0.000476501002446819,-0.000143227971311613,5.0850249047954e-08
270,0.597222222222222,0.226666666666667,100017408.967015,-123460.196446337,27179.6436588625,0.000476449747742612,-0.000143469918507384,3.36509873871631e-07
271,0.652777777777778,0.213333333333333,100020840.776808,-38108.8304989263,1774.9667162341,0.000476344159171229,-0.000143068386016864,2.19757783914698e-08
272,0.638888888888889,0.226666666666667,100002897.504688,-77004.7240322232,16662.7886972111,0.000476314280580466,-0.000143227971311613,2.06301193394042e-07
273,0.694444444444445,0.213333333333333,100006980.150388,-21261.2572562136,510.492260663095,0.0004762540882265,-0.000142968358582727,6.32038037011451e-09
274,0.680555555555555,0.226666666666667,99996281.5144607,-45476.6092032529,9642.27905433551,0.000476237735701056,-0.000143068386016864,1.19380597815583e-07
275,0.736111111111111,0.213333333333333,100000089.458096,-10871.0293911137,-122.533119508311,0.000476206432223396,-0.000142909037461047,-1.51707671772194e-09
276,0.722222222222222,0.226666666666667,99994090.4832575,-25128.1573954299,5166.97370857997,0.000476198233002267,-0.000142968358582727,6.39720554395615e-08
277,0.777777777777778,0.213333333333333,99997275.0464847,-4791.72529908642,-401.798595356811,0.000476184345543211,-0.000142876067805926,-4.97464927584623e-09
278,0.763888888888889,0.226666666666667,99994167.020266,-12647.7607400566,2455.58552306038,0.000476180768326133,-0.000142909037461047,3.04024874283666e-08
279,0.819444444444445,0.213333333333333,99996689.1941049,-1403.70956300572,-498.115016541648,0.000476176715747494,-0.000142859097465688,-6.16713830003945e-09
280,0.805555555555555,0.226666666666667,99995243.4188053,-5401.21360290423,916.506720610177,0.000476175541823267,-0.000142876067805926,1.13472260646974e-08
281,0.861111111111111,0.213333333333333,99997207.6257664,475.0374093391,-511.937858190995,0.000476176500545445,-0.000142850891668193,-6.33827824426947e-09
282,0.847222222222222,0.226666666666667,99996619.5551609,-1424.60124621913,131.610311991239,0.000476176413978737,-0.000142859097465688,1.62946100560582e-09
283,0.902777777777778,0.213333333333333,99998176.1056968,1716.62484131381,-498.904647322282,0.000476179338658306,-0.000142846362889846,-6.17691468113302e-09
284,0.888888888888889,0.226666666666667,99997931.2621515,692.128324896097,-172.792373066811,0.000476179636303115,-0.000142850891668193,-2.13933414273194e-09
285,0.944444444444445,0.213333333333333,99999218.8155918,3034.29304789752,-489.408887915131,0.000476182421560369,-0.000142841577864903,-6.0593481360921e-09
286,0.930555555555555,0.226666666666667,99998984.4989385,1959.14281384274,-153.733338863353,0.000476182841695687,-0.000142846362889846,-1.90336514783199e-09
287,0.986111111111111,0.213333333333333,100000086.64633,5177.8439890407,-514.036682010063,0.000476183491872065,-0.000142832610237667,-6.36426368202936e-09
288,0.972222222222222,0.226666666666667,99999612.7833552,3152.48337693512,127.715520062005,0.00047618412875401,-0.000142841577864903,1.58123977219625e-09
289,0.0277777777777778,0.253333333333333,93539089.4382845,18302786.6139876,-2862804.61511876,0.00041927739740042,-4.64711438928465e-05,-3.54442476157561e-05
290,0.0138888888888889,0.266666666666667,97654265.1662805,29296279.5498841,-6793480.55729544,0.000423168482387215,0,-8.41097592808006e-05
291,0.0694444444444444,0.253333333333333,96708665.9347197,11268701.1092718,-2004953.90623023,0.000444419312390182,-8.44947555768767e-05,-2.4823238839041e-05
292,0.0555555555555556,0.266666666666667,100346537.107537,20345020.9147632,-5319822.87339765,0.000448776337300512,-4.64711438928465e-05,-6.58644736706376e-05
293,0.111111111111111,0.253333333333333,99118971.103062,6393452.08741722,-971044.108781644,0.000462861597508747,-0.000111153520207149,-1.20224508706299e-05
294,0.0972222222222222,0.266666666666667,101507970.663667,12708492.5279561,-3236235.65522727,0.000465216299548955,-8.44947555768767e-05,-4.00676795409091e-05
295,0.152777777777778,0.253333333333333,100592225.989467,3272218.81882994,-183729.696041688,0.000474336001637228,-0.000128121185609572,-2.27474861765899e-06
296,0.138888888888889,0.266666666666667,101757686.403888,7185066.67766516,-1496013.40922043,0.000474296030478995,-0.000111153520207149,-1.85220707808244e-05
297,0.194444444444444,0.253333333333333,101280103.058958,1408083.02158749,268149.46005654,0.000480274657868963,-0.000137980704267143,3.31994569593812e-06
298,0.180555555555556,0.266666666666667,101572045.788811,3566164.75863308,-353921.858713626,0.000478581887434385,-0.000128121185609572,-4.38188967931156e-06
299,0.236111111111111,0.253333333333333,101438598.775922,382023.121280711,454318.821699976,0.000482495199235895,-0.000143093126245219,5.6248996972378e-06
300,0.222222222222222,0.266666666666667,101233399.294755,1394071.89232635,261761.294669658,0.000480072274890746,-0.000137980704267143,3.24085412448149e-06
301,0.277777777777778,0.253333333333333,101306126.521066,-120305.313285932,477394.395844593,0.000482581991024054,-0.000145295920331455,5.91059728188544e-06
302,0.263888888888889,0.266666666666667,100886682.537298,216448.249693364,515114.787025702,0.000480103562201855,-0.000143093126245219,6.37761164888964e-06
303,0.319444444444444,0.253333333333333,101054666.283084,-318008.773012891,419853.744339996,0.000481666994833277,-0.000145878136466372,5.19818921563804e-06
304,0.305555555555556,0.266666666666667,100594218.605286,-333877.688019834,557276.509327612,0.000479497056722342,-0.000145295920331455,6.89961392500853e-06
305,0.361111111111111,0.253333333333333,100786447.121374,-353900.899726555,333955.830371977,0.000480441035196628,-0.00014566588112447,4.13469123317686e-06
306,0.347222222222222,0.266666666666667,100373123.635375,-522471.567325849,495747.230840802,0.000478713643359868,-0.000145878136466372,6.13782285802897e-06
307,0.402777777777778,0.253333333333333,100551172.175807,-314864.142237205,247846.174149533,0.000479264911516565,-0.000145143884737997,3.06857167994661e-06
308,0.388888888888889,0.266666666666667,100218616.443405,-524250.103117168,396389.858761067,0.000477980435592097,-0.00014566588112447,4.90768396561322e-06
309,0.444444444444444,0.253333333333333,100365952.061078,-249831.82406719,174126.840511189,0.000478290007658561,-0.000144569606868526,2.15585612061472e-06
310,0.430555555555556,0.266666666666667,100117562.66217,-444946.99632835,294719.103722461,0.00047738593695747,-0.000145143884737997,3.64890318894475e-06
311,0.486111111111111,0.253333333333333,100230591.960796,-183742.545914665,116557.072748929,0.000477551022497955,-0.00014406152444835,1.4430875673677e-06
312,0.472222222222222,0.266666666666667,100055574.70089,-342945.032123391,206937.182249927,0.00047694503909775,-0.000144569606868526,2.56207939928482e-06
313,0.527777777777778,0.253333333333333,100137353.984406,-127385.789616644,74436.3097995385,0.000477026522482337,-0.00014365996183304,9.21592407041906e-07
314,0.513888888888889,0.266666666666667,100020171.361386,-246868.725737732,138160.093653791,0.000476639199900511,-0.00014406152444835,1.71055354047551e-06
315,0.569444444444445,0.253333333333333,100076444.60748,-83848.7075141147,45205.2082906475,0.000476674281998737,-0.000143365628998849,5.5968353121754e-07
316,0.555555555555555,0.266666666666667,100001754.574327,-168065.612640183,87828.9907478712,0.000476438925038664,-0.00014365996183304,1.0874065521165e-06
317,0.611111111111111,0.253333333333333,100038706.893724,-52467.1074147001,25861.3719502611,0.000476449747742612,-0.000143162281788247,3.2018841462228e-07
318,0.597222222222222,0.266666666666667,99993521.4686236,-108725.649171185,52969.8929137841,0.000476314948397023,-0.000143365628998849,6.55817721789708e-07
319,0.652777777777778,0.253333333333333,100016673.092344,-31086.0985130072,13645.5166839789,0.000476314280580466,-0.00014302899060103,1.68944492277834e-07
320,0.638888888888889,0.266666666666667,99990957.1171365,-66792.0403909981,29992.0054072822,0.000476242832044066,-0.000143162281788247,3.71329590756827e-07
321,0.694444444444445,0.253333333333333,100004750.179665,-17247.7251898646,6307.49115974242,0.000476237735701056,-0.000142946060852806,7.8092747692049e-08
322,0.680555555555555,0.266666666666667,99991242.9292933,-38715.1474282071,15569.0758760255,0.000476204083207247,-0.00014302899060103,1.92759987036506e-07
323,0.736111111111111,0.253333333333333,99999007.6014007,-8737.76358481497,2149.38572743414,0.000476198233002267,-0.000142897333542881,2.66114423396607e-08
324,0.722222222222222,0.266666666666667,99992730.5465812,-20853.6151149161,6986.23989959229,0.00047618565062436,-0.000142946060852806,8.64963035187617e-08
325,0.777777777777778,0.253333333333333,99996828.951511,-3774.65658988804,-35.1325921279745,0.000476180768326133,-0.000142870587343063,-4.34974950155875e-10
326,0.763888888888889,0.266666666666667,99994530.2923459,-10080.9563012421,2201.69504415243,0.000476178831329697,-0.000142897333542881,2.72590814990301e-08
327,0.819444444444445,0.253333333333333,99996559.1879341,-1015.31650687754,-1057.68437720083,0.000476175541823267,-0.000142857062251843,-1.30951399082008e-08
328,0.805555555555555,0.266666666666667,99996214.0836505,-3959.11694805324,-224.5288462679,0.000476178103898738,-0.000142870587343063,-2.77988095379305e-09
329,0.861111111111111,0.253333333333333,99997203.0920395,520.521682675928,-1433.00506893399,0.000476176413978737,-0.000142850668599663,-1.77419675201351e-08
330,0.847222222222222,0.266666666666667,99997612.956671,-699.185885798186,-1248.05916884763,0.000476180108154461,-0.000142857062251843,-1.54521611381135e-08
331,0.902777777777778,0.253333333333333,99998189.6341265,1553.36824145541,-1460.61350212184,0.000476179636303115,-0.000142847159628555,-1.80837862167466e-08
332,0.888888888888889,0.266666666666667,99998685.9355153,965.374725420028,-1458.04427598428,0.000476182839633799,-0.000142850668599663,-1.80519767502816e-08
333,0.944444444444445,0.253333333333333,99999195.3723938,2662.05433150753,-1278.93916530948,0.000476182841695687,-0.000142843316939936,-1.58344849038317e-08
334,0.930555555555555,0.266666666666667,99999444.0579133,1929.69537749514,-1168.64053578103,0.000476185072139524,-0.000142847159628555,-1.44688828239556e-08
335,0.986111111111111,0.253333333333333,100000002.865694,4452.75783813,-883.013593934872,0.00047618412875401,-0.000142835943342238,-1.09325492582413e-08
336,0.972222222222222,0.266666666666667,99999903.3334254,2874.44264097139,-461.100808357424,0.000476185909526824,-0.000142843316939936,-5.70886715109192e-09
337,0.0277777777777778,0.293333333333333,93831153.3606379,16552573.5310756,-5991187.35684068,0.000423168482387215,-5.52227260815038e-05,-7.41766053704084e-05
338,0.0138888888888889,0.306666666666667,99854840.8018135,29956452.2405441,-11075365.7796151,0.000432704310141192,0,-0.000137123576319044
339,0.0694444444444444,0.293333333333333,97046311.5308518,9344268.99248083,-4141165.57925847,0.000448776337300512,-9.41410688894034e-05,-5.12715738384382e-05
340,0.0555555555555556,0.306666666666667,101670913.972567,18904501.7146544,-7862573.03868677,0.000457140778372243,-5.52227260815038e-05,-9.7346142383741e-05
341,0.111111111111111,0.293333333333333,99189702.2592352,4980931.17984878,-2142623.43938433,0.000465216299548955,-0.000117980854752008,-2.65277187733298e-05
342,0.0972222222222222,0.306666666666667,101612349.75933,10714080.4610242,-4272655.2953327,0.00046856250295725,-9.41410688894034e-05,-5.28995417517382e-05
343,0.152777777777778,0.293333333333333,100335429.749447,2444211.16286068,-691927.978663883,0.000474296030478995,-0.000131697227437969,-8.56672735488617e-06
344,0.138888888888889,0.306666666666667,101034286.948991,5534306.58677539,-1664059.57983336,0.000473209499871228,-0.000117980854752008,-2.06026424169844e-05
345,0.194444444444444,0.293333333333333,100809801.896963,1025351.7858057,149073.567416482,0.000478581887434385,-0.000139131375158491,1.84567273944216e-06
346,0.180555555555556,0.306666666666667,100489402.679507,2490403.04187862,-122905.847231508,0.000474963246509254,-0.000131697227437969,-1.52169144191391e-06
347,0.236111111111111,0.293333333333333,100898248.217266,276901.634030394,531059.262424264,0.000480072274890746,-0.000142821775386425,6.5750194395385e-06
348,0.222222222222222,0.306666666666667,100122099.389786,819041.03365273,621029.354112145,0.00047560184323662,-0.000139131375158491,7.68893486043608e-06
349,0.277777777777778,0.293333333333333,100797788.81215,-79864.1674659736,629495.277555814,0.000480103562201855,-0.000144377146719576,7.79375105545294e-06
350,0.263888888888889,0.306666666666667,99921415.4696827,-16148.1902445406,867663.462371885,0.000475839332984553,-0.000142821775386425,1.07425000103186e-05
351,0.319444444444444,0.293333333333333,100629040.738811,-217803.909602761,580885.398157749,0.000479497056722342,-0.000144792933958315,7.19191445338165e-06
352,0.305555555555556,0.306666666666667,99836907.3602785,-368128.603027344,847939.152752521,0.00047593974257708,-0.000144377146719576,1.04982942721741e-05
353,0.361111111111111,0.293333333333333,100457195.304763,-242232.669364825,473209.117677534,0.000478713643359868,-0.000144663767908541,5.85877955219805e-06
354,0.347222222222222,0.306666666666667,99820923.457062,-460239.09412748,711938.364825362,0.000475995215168096,-0.000144792933958315,8.81447499307591e-06
355,0.402777777777778,0.293333333333333,100311412.744511,-214929.099432949,355583.144290601,0.000477980435592097,-0.000144325490108505,4.40245797693126e-06
356,0.388888888888889,0.306666666666667,99839256.4632086,-427614.321831077,545414.733589647,0.0004760359083798,-0.000144663767908541,6.75275384444325e-06
357,0.444444444444444,0.293333333333333,100200046.136203,-170002.082884919,251297.353071013,0.00047738593695747,-0.000143952456779742,3.11130056183159e-06
358,0.430555555555556,0.306666666666667,99870630.5602055,-347163.75472448,390905.707542611,0.000476070379460109,-0.000144325490108505,4.83978495052756e-06
359,0.486111111111111,0.293333333333333,100121075.415567,-124609.316536121,168497.214294009,0.00047694503909775,-0.000143623485434315,2.08615598649726e-06
360,0.472222222222222,0.306666666666667,99903333.0942664,-259015.995465994,265087.004330069,0.00047610018044241,-0.000143952456779742,3.2820295774199e-06
361,0.527777777777778,0.293333333333333,100068409.637966,-86074.4704711623,107452.406101028,0.000476639199900511,-0.000143364749342195,1.33036312315558e-06
362,0.513888888888889,0.306666666666667,99931863.3566909,-181372.934198819,170766.304531039,0.000476125120175955,-0.000143623485434315,2.11424948467001e-06
363,0.569444444444445,0.293333333333333,100035246.715595,-56425.141747646,64981.2034370303,0.000476438925038664,-0.000143176186459172,8.04529185410852e-07
364,0.555555555555555,0.306666666666667,99954368.8114083,-120286.718438476,104329.415499597,0.000476145022985428,-0.000143364749342195,1.2916975252331e-06
365,0.611111111111111,0.293333333333333,100015598.019823,-35137.1451724209,36899.0570584148,0.000476314948397023,-0.000143046745481521,4.56845468342279e-07
366,0.597222222222222,0.306666666666667,99970911.7864444,-75725.6204928458,59960.4271838474,0.000476160140345678,-0.000143176186459172,7.42367193704778e-07
367,0.652777777777778,0.293333333333333,100004787.603258,-20690.419984296,19225.9240951042,0.000476242832044066,-0.000142962508099818,2.38035250701291e-07
368,0.638888888888889,0.306666666666667,99982398.4271252,-45097.022981815,31794.0976284901,0.000476171083495332,-0.000143046745481521,3.93641208733687e-07
369,0.694444444444445,0.293333333333333,99999443.8124522,-11378.870232068,8673.56135055756,0.000476204083207247,-0.000142910533399846,1.07386950054522e-07
370,0.680555555555555,0.306666666666667,99989973.8519663,-25134.5453719385,14844.3279684017,0.0004761786391218,-0.000142962508099818,1.83786917704021e-07
371,0.736111111111111,0.293333333333333,99997283.1770597,-5678.18018677458,2750.12810797463,0.00047618565062436,-0.000142880300634784,3.40492051463526e-08
372,0.722222222222222,0.306666666666667,99994718.5411527,-12796.4516219012,5266.26708844634,0.000476183607031616,-0.000142910533399846,6.52014020474309e-08
373,0.777777777777778,0.293333333333333,99996843.9821376,-2368.65699561685,-314.054946031355,0.000476178831329697,-0.000142863913579223,-3.88829933181678e-09
374,0.763888888888889,0.306666666666667,99997524.5746607,-5605.76090646535,294.823855450057,0.000476186696680632,-0.000142880300634784,3.65020011509594e-09
375,0.819444444444445,0.293333333333333,99997241.6991167,-533.732060596347,-1704.66547338214,0.000476178103898738,-0.000142855744008551,-2.11053820513979e-08
376,0.805555555555555,0.306666666666667,99999069.653787,-1700.95550080016,-1943.85444474396,0.000476188475906844,-0.000142863913579223,-2.40667693158776e-08
377,0.861111111111111,0.293333333333333,99997971.4019416,495.631682775915,-2166.1713336324,0.000476180108154461,-0.000142851884709046,-2.68192641306869e-08
378,0.847222222222222,0.306666666666667,99999837.0206649,244.864403866231,-2644.51088415059,0.000476189350292113,-0.000142855744008551,-3.27415633275788e-08
379,0.902777777777778,0.293333333333333,99998758.9063379,1208.61080076918,-2122.09715881381,0.000476182839633799,-0.00014284961457667,-2.62735838710282e-08
380,0.888888888888889,0.306666666666667,100000151.093734,1149.53922038898,-2510.94192249594,0.00047618955348556,-0.000142851884709046,-3.10878523737592e-08
381,0.944444444444445,0.293333333333333,99999453.2654222,1960.38707383722,-1757.6118551362,0.000476185072139524,-0.000142847026631204,-2.17609086826387e-08
382,0.930555555555555,0.306666666666667,100000219.268127,1646.71933759749,-1901.53910377292,0.000476189167868219,-0.00014284961457667,-2.35428650943313e-08
383,0.986111111111111,0.293333333333333,99999948.8565099,3026.18625612184,-1024.91125668534,0.000476185909526824,-0.000142842659384271,-1.26893774637232e-08
384,0.972222222222222,0.306666666666667,100000230.239128,2193.47918567434,-899.100053438701,0.000476188439025584,-0.000142847026631204,-1.11317149473363e-08
385,0.0277777777777778,0.333333333333333,94839756.7543344,13239505.4156136,-9075709.34102722,0.000432704310141192,-7.24401029080319e-05,-0.000112365925174623
386,0.0138888888888889,0.346666666666667,105339612.747655,31601883.8242964,-16692259.9127917,0.000456471655239837,0,-0.000206666075110755
387,0.0694444444444444,0.333333333333333,97945341.2138026,6485925.85210547,-5606264.42234325,0.000457140778372243,-0.000109036554819216,-6.94108928480593e-05
388,0.0555555555555556,0.346666666666667,103383477.625251,15802621.6768885,-9502842.37951312,0.000469727100581829,-7.24401029080319e-05,-0.000117654238984448
389,0.111111111111111,0.333333333333333,99349585.1619043,3171531.80293918,-2675937.26435973,0.00046856250295725,-0.000126825446407772,-3.31306518444538e-05
390,0.0972222222222222,0.346666666666667,100702216.693836,7312988.49611538,-4099408.99771761,0.000469087238785719,-0.000109036554819216,-5.07545875907895e-05
391,0.152777777777778,0.333333333333333,99817920.5466622,1479751.91234776,-846823.531198268,0.000473209499871228,-0.000135550591674528,-1.04844818148357e-05
392,0.138888888888889,0.346666666666667,99056162.1286757,3083504.8929706,-1025407.42629986,0.000467291003146593,-0.000126825446407772,-1.26955205160936e-05
393,0.194444444444444,0.333333333333333,99924944.4033699,608875.454755481,116551.622958996,0.000474963246509254,-0.000139850513648836,1.44302009377805e-06
394,0.180555555555556,0.346666666666667,98387129.3758454,1050514.56110272,452335.701568386,0.000467009404797689,-0.000135550591674528,5.60034678132287e-06
395,0.236111111111111,0.333333333333333,99927961.4046005,171914.416367844,526526.850636423,0.00047560184323662,-0.000141935590500059,6.51890386502239e-06
396,0.222222222222222,0.346666666666667,98321237.3969946,127763.352842893,1003266.1355203,0.000468013849481627,-0.000139850513648836,1.2421390249299e-05
397,0.277777777777778,0.333333333333333,99916882.2682348,-31258.8617376201,625329.118532729,0.000475839332984553,-0.000142887254962895,7.74217003897664e-06
398,0.263888888888889,0.346666666666667,98545647.0377351,-242779.893691771,1075488.40837007,0.000469611814313536,-0.000141935590500059,1.33155707702961e-05
399,0.319444444444444,0.333333333333333,99914387.5665727,-109861.248713542,572321.190410692,0.00047593974257708,-0.000143257988184216,7.08588140508476e-06
400,0.305555555555556,0.346666666666667,98864708.6056133,-346910.960524056,935628.010400584,0.00047127991377986,-0.000142887254962895,1.15839658430549e-05
401,0.361111111111111,0.333333333333333,99921392.8506975,-125341.115342285,461693.266048689,0.000475995215168096,-0.000143341709383579,5.7162023415552e-06
402,0.347222222222222,0.346666666666667,99175864.4248884,-331418.191218823,729122.046900638,0.000472739475629781,-0.000143257988184216,9.02722534257933e-06
403,0.402777777777778,0.333333333333333,99933876.016198,-112215.811866712,343374.430285189,0.0004760359083798,-0.000143297041032029,4.25130247019758e-06
404,0.388888888888889,0.346666666666667,99435672.8767245,-271057.107534215,527347.060436974,0.000473890428614213,-0.000143341709383579,6.52905884350539e-06
405,0.444444444444444,0.333333333333333,99948028.5563575,-89170.4342177697,240036.500723873,0.000476070379460109,-0.000143207519052976,2.97188048515272e-06
406,0.430555555555556,0.346666666666667,99633448.8393964,-202343.964907181,359408.849879436,0.000474734057280326,-0.000143297041032029,4.44982385565016e-06
407,0.486111111111111,0.333333333333333,99961371.8785425,-65553.3812122419,159038.333555987,0.00047610018044241,-0.000143114118784643,1.9690460345027e-06
408,0.472222222222222,0.346666666666667,99774251.8418577,-141303.448567715,232143.834681906,0.000475317347030609,-0.000143207519052976,2.87416176272836e-06
409,0.527777777777778,0.333333333333333,99972661.5917464,-45378.817347087,100045.126606825,0.000476125120175955,-0.000143034177594624,1.23865394846545e-06
410,0.513888888888889,0.346666666666667,99869058.0857691,-93247.5190442689,141998.008665952,0.000475700154007059,-0.000143114118784643,1.75807058348321e-06
411,0.569444444444445,0.333333333333333,99981515.1646996,-29798.8741340153,59503.4815536641,0.000476145022985428,-0.000142972635350209,7.36709771616793e-07
412,0.555555555555555,0.346666666666667,99929647.7201004,-58282.9788408875,81632.0284295692,0.000475938726732156,-0.000143034177594624,1.01068225674705e-06
413,0.611111111111111,0.333333333333333,99988054.7415136,-18582.4369289279,33047.2701908707,0.000476160140345678,-0.000142928565997062,4.09156678553638e-07
414,0.597222222222222,0.346666666666667,99966312.4237629,-34359.6964150369,43278.8992916445,0.000476079144441369,-0.000142972635350209,5.35833991229884e-07
415,0.652777777777778,0.333333333333333,99992641.9704771,-10951.8784754276,16642.9241145327,0.000476171083495332,-0.00014289878318866,2.06055250941833e-07
416,0.638888888888889,0.346666666666667,99987116.5892154,-18863.8826183975,20214.969637705,0.000476156075019052,-0.000142928565997062,2.50280576466824e-07
417,0.694444444444445,0.333333333333333,99995708.349292,-6019.55428626016,7022.10662670395,0.0004761786391218,-0.00014287967647178,8.69403677591918e-08
418,0.680555555555555,0.346666666666667,99997930.4880003,-9365.32321848348,7211.19643855121,0.000476194000404599,-0.00014289878318866,8.9281479715396e-08
419,0.736111111111111,0.333333333333333,99997661.2626185,-2987.38006953523,1746.8273966337,0.000476183607031616,-0.000142868027423119,2.16273868154648e-08
420,0.722222222222222,0.346666666666667,100002784.993375,-3896.5610614121,488.023401371054,0.000476209304579492,-0.00014287967647178,6.04219449316544e-09
421,0.777777777777778,0.333333333333333,99998841.823573,-1214.93119888753,-889.279665650858,0.000476186696680632,-0.000142861273706051,-1.10101291937725e-08
422,0.763888888888889,0.346666666666667,100004308.153717,-993.312739886343,-2529.00611584685,0.000476212410226377,-0.000142868027423119,-3.13115042914372e-08
423,0.819444444444445,0.333333333333333,99999513.7765055,-220.546439122409,-2011.31732448955,0.000476188475906844,-0.000142857498473289,-2.49020240174896e-08
424,0.805555555555555,0.346666666666667,100004130.280981,371.606023624539,-3496.9805013845,0.000476209613329401,-0.000142861273706051,-4.32959490647604e-08
425,0.861111111111111,0.333333333333333,99999867.6622767,347.003109686077,-2308.75069881375,0.000476189350292113,-0.000142855301407492,-2.85845324615036e-08
426,0.847222222222222,0.346666666666667,100003215.081317,889.845004454255,-3414.26157480617,0.000476204514894362,-0.000142857498473289,-4.22718099737907e-08
427,0.902777777777778,0.333333333333333,100000028.917286,742.284396156669,-2152.29446286614,0.00047618955348556,-0.000142853649479951,-2.66474552545332e-08
428,0.888888888888889,0.346666666666667,100002110.130593,1019.74360448867,-2824.67751378019,0.000476199067654816,-0.000142855301407492,-3.49721977896595e-08
429,0.944444444444445,0.333333333333333,100000063.19734,1126.48337904364,-1676.04903349535,0.000476189167868219,-0.00014285186893249,-2.07510832718472e-08
430,0.930555555555555,0.346666666666667,100001124.04738,1070.82342411205,-1969.69806894788,0.000476194299049297,-0.000142853649479951,-2.43867379964976e-08
431,0.986111111111111,0.333333333333333,99999985.6154719,1378.06699763238,-817.690840398421,0.000476188439025584,-0.000142850560084019,-1.01237913573138e-08
432,0.972222222222222,0.346666666666667,100000444.977837,1241.01752827689,-916.716444849104,0.000476190822250375,-0.00014285186893249,-1.13498226505127e-08
433,0.0277777777777778,0.373333333333333,98163770.8443591,7682410.81331134,-10807398.2793609,0.000456471655239837,-0.000103651049714269,-0.000133805883458754
434,0.0138888888888889,0.386666666666667,121480947.513636,36444284.2540909,-24729202.8444827,0.000526417439225757,0,-0.000306171082836453
435,0.0694444444444444,0.373333333333333,99678384.4294951,3452311.02436994,-5126510.17036374,0.000469727100581829,-0.000125958115735612,-6.34710782997415e-05
436,0.0555555555555556,0.386666666666667,102569811.008675,9004222.86260607,-7347292.7654021,0.000475564495951872,-0.000103651049714269,-9.09664818573593e-05
437,0.111111111111111,0.373333333333333,99010831.4232519,1675037.59416949,-2139065.33528584,0.000469087238785719,-0.000133467675394315,-2.64836660559199e-05
438,0.0972222222222222,0.386666666666667,95808548.4671026,2291360.23565221,-1364301.86954568,0.000452957811411462,-0.000125958115735612,-1.68913564800893e-05
439,0.152777777777778,0.373333333333333,98367988.8325918,789593.906024218,-696767.465557091,0.000467291003146593,-0.000136765727351206,-8.62664481165922e-06
440,0.138888888888889,0.386666666666667,94241878.2368192,244351.638239682,635061.914213852,0.000448421774977844,-0.000133467675394315,7.86267131883817e-06
441,0.194444444444444,0.373333333333333,98172240.0961806,334216.96221979,-36224.3016325674,0.000467009404797689,-0.000138654547936354,-4.48491353546073e-07
442,0.180555555555556,0.386666666666667,94695734.9035293,-312082.27269455,1132469.86559895,0.000451377902787322,-0.000136765727351206,1.40210554788441e-05
443,0.236111111111111,0.373333333333333,98314071.4099147,103876.72924364,229506.922638682,0.000468013849481627,-0.000139954022351099,2.84151428028845e-06
444,0.222222222222222,0.386666666666667,95786272.4003955,-381573.346515734,1083140.29862408,0.000456670211449287,-0.000138654547936354,1.34103084591553e-05
445,0.277777777777778,0.373333333333333,98616929.7745853,-5170.7708578296,300275.691693623,0.000469611814313536,-0.000140905950967778,3.71769904001628e-06
446,0.263888888888889,0.386666666666667,96927770.2897833,-312013.606795777,866331.051173884,0.000462006544627724,-0.000139954022351099,1.07260034907243e-05
447,0.319444444444444,0.373333333333333,98954024.3440752,-49191.8323179036,281768.697281281,0.00047127991377986,-0.000141597138740669,3.48856482348253e-06
448,0.305555555555556,0.386666666666667,97897611.1617207,-220966.354717214,630771.545366483,0.000466494766991123,-0.000140905950967778,7.80955246644217e-06
449,0.361111111111111,0.373333333333333,99257336.8043361,-59843.5930595957,229595.131209278,0.000472739475629781,-0.000142081164925526,2.84260638640059e-06
450,0.347222222222222,0.386666666666667,98638812.9210502,-143755.259225391,429784.991675534,0.000469913997613418,-0.000141597138740669,5.3211475159828e-06
451,0.402777777777778,0.373333333333333,99500493.3533619,-54988.852076076,171641.499402382,0.000473890428614213,-0.000142405413609927,2.12508523069616e-06
452,0.388888888888889,0.386666666666667,99166098.2602787,-87215.1562768295,276598.794449999,0.000472344108605532,-0.000142081164925526,3.42455650271427e-06
453,0.444444444444444,0.373333333333333,99680834.707109,-44391.072531946,120362.913270187,0.000474734057280326,-0.000142612578498403,1.49020749763088e-06
454,0.430555555555556,0.386666666666667,99520046.8606982,-49122.7998751774,168149.157000741,0.000473975160479337,-0.000142405413609927,2.08184670572346e-06
455,0.486111111111111,0.373333333333333,99806736.4644657,-33021.3732074387,79919.2715223265,0.000475317347030609,-0.000142738296726415,9.89476695038329e-07
456,0.472222222222222,0.386666666666667,99745196.6169283,-25082.4995861389,95780.8527112067,0.000475012958889544,-0.000142612578498403,1.18585817642446e-06
457,0.527777777777778,0.373333333333333,99890105.2736457,-23090.2261220813,50359.3260822935,0.000475700154007059,-0.000142810103848647,6.23496418161729e-07
458,0.513888888888889,0.386666666666667,99880601.086986,-10861.9864513725,50069.0197331775,0.00047563742706153,-0.000142738296726415,6.19902149077436e-07
459,0.569444444444445,0.373333333333333,99942540.8229444,-15305.9693609998,29999.6356876557,0.000475938726732156,-0.000142847943886878,3.71424060894784e-07
460,0.555555555555555,0.386666666666667,99956822.9398517,-3074.92626028508,22813.6526684063,0.000475989263893951,-0.000142810103848647,2.82454747323126e-07
461,0.611111111111111,0.373333333333333,99973730.2673283,-9633.55119684711,16691.8101393483,0.000476079144441369,-0.00014286548872093,2.06660506487169e-07
462,0.597222222222222,0.386666666666667,99996033.7718536,741.91531175375,7642.7630337132,0.000476170529510762,-0.000142847943886878,9.46246851793063e-08
463,0.652777777777778,0.373333333333333,99991056.9916447,-5729.20785417035,8427.14445157245,0.000476156075019052,-0.000142871649073084,1.04336074162326e-07
464,0.638888888888889,0.386666666666667,100013384.381909,2262.68317724392,-35.2244863435689,0.000476250978937883,-0.00014286548872093,-4.36112688063234e-10
465,0.694444444444445,0.373333333333333,99999788.61815,-3171.55605280027,3568.6695780159,0.000476194000404599,-0.000142871943530942,4.41835281087682e-08
466,0.680555555555555,0.386666666666667,100018686.898861,2559.76431066915,-3336.72817757251,0.000476275804616988,-0.000142871649073084,-4.13118726747073e-08
467,0.736111111111111,0.373333333333333,100003482.654188,-1571.02501690388,890.966921414649,0.000476209304579492,-0.000142869599148921,1.10310190270385e-08
468,0.722222222222222,0.386666666666667,100017961.409563,2280.28137101606,-4265.13930424311,0.000476272749167388,-0.000142871943530942,-5.28064866239623e-08
469,0.777777777777778,0.373333333333333,100004422.763133,-611.281353279948,-465.813719507881,0.000476212410226377,-0.000142866371953777,-5.76721747962139e-09
470,0.763888888888889,0.386666666666667,100014683.370776,1789.18995931372,-4037.88415604486,0.000476257841018037,-0.000142869599148921,-4.99928514557935e-08
471,0.819444444444445,0.373333333333333,100004001.90182,-56.3245129585266,-1068.52545227374,0.000476209613329401,-0.00014286312807171,-1.32293627424368e-08
472,0.805555555555555,0.386666666666667,100010713.083817,1275.81485198066,-3345.66176134059,0.000476239668282676,-0.000142866371953777,-4.14224789499311e-08
473,0.861111111111111,0.373333333333333,100003024.971201,256.144615102559,-1259.11176086764,0.000476204514894362,-0.00014286024450831,-1.55890027535993e-08
474,0.847222222222222,0.386666666666667,100006953.569416,829.175765790045,-2540.60837306209,0.000476222403888983,-0.00014286312807171,-3.14551512855307e-08
475,0.902777777777778,0.373333333333333,100001930.706782,421.664234604686,-1202.53978763989,0.000476199067654816,-0.000142857893084761,-1.48885878469701e-08
476,0.888888888888889,0.386666666666667,100003805.463505,490.292306482792,-1763.06991327026,0.000476207897027682,-0.00014286024450831,-2.1828484640489e-08
477,0.944444444444445,0.373333333333333,100000941.628579,462.760756760836,-908.637384304042,0.000476194299049297,-0.000142856284418176,-1.12497961866215e-08
478,0.930555555555555,0.386666666666667,100001486.882704,288.517011187971,-1023.29778154408,0.000476197144417144,-0.000142857893084761,-1.26694011048315e-08
479,0.986111111111111,0.373333333333333,100000151.496645,262.746887713671,-245.075336647123,0.000476190822250375,-0.000142856108105266,-3.03426607277391e-09
480,0.972222222222222,0.386666666666667,100000255.286809,256.858225796372,-273.694674712655,0.000476191324901627,-0.000142856284418176,-3.38860073453764e-09
