Node,x,y,Ux,Uy
1,0,0,0,0
2,0.0416666666666667,0,2.37289710342711e-05,1.39625776157563e-05
3,0.0833333333333333,0,4.34151525247751e-05,2.07968641810542e-05
4,0.125,0,6.21513282033751e-05,2.48010663016823e-05
5,0.166666666666667,0,8.07839009967772e-05,2.71736387844237e-05
6,0.208333333333333,0,9.95872284695508e-05,2.85554162973675e-05
7,0.25,0,0.00011862764297566,2.93432202729475e-05
8,0.291666666666667,0,0.000137891209984287,2.97873329628278e-05
9,0.333333333333333,0,0.000157336903969683,3.00431170859222e-05
10,0.375,0,0.000176919638725805,3.02040118921359e-05
11,0.416666666666667,0,0.000196599644060258,3.03237379904796e-05
12,0.458333333333333,0,0.000216345399525156,3.04312752923007e-05
13,0.5,0,0.000236133603727473,3.05407874964288e-05
14,0.541666666666667,0,0.000255947936323904,3.06580142850332e-05
15,0.583333333333333,0,0.000275777495444403,3.07842420647593e-05
16,0.625,0,0.000295615325785496,3.0918661904585e-05
17,0.666666666666667,0,0.00031545720116186,3.10596900741547e-05
18,0.708333333333333,0,0.000335300695290002,3.12056479550359e-05
19,0.75,0,0.000355144513737237,3.13550652263829e-05
20,0.791666666666667,0,0.000374988037598001,3.15067749608089e-05
21,0.833333333333333,0,0.000394831027247411,3.1659903722785e-05
22,0.875,0,0.00041467344180097,3.18138169858392e-05
23,0.916666666666667,0,0.000434515340789446,3.19680550962845e-05
24,0.958333333333333,0,0.000454356845964439,3.21222862150549e-05
25,1,0,0.000474198150553368,3.22763170139605e-05
26,0,0.04,0,0
27,0.0416666666666667,0.04,1.91773111312895e-05,8.67490689968733e-06
28,0.0833333333333333,0.04,3.94581706125605e-05,1.53877998925309e-05
29,0.125,0.04,5.92606311482392e-05,1.93979002444571e-05
30,0.166666666666667,0.04,7.8807356202075e-05,2.17326074881943e-05
31,0.208333333333333,0.04,9.82839435166086e-05,2.30578982146516e-05
32,0.25,0.04,0.000117785304464586,2.37893250700292e-05
33,0.291666666666667,0.04,0.000137348718894219,2.41854499583662e-05
34,0.333333333333333,0.04,0.000156980704714787,2.4403942754693e-05
35,0.375,0.04,0.000176673645693592,2.45376558043022e-05
36,0.416666666666667,0.04,0.000196415065143417,2.46385708988449e-05
37,0.458333333333333,0.04,0.000216192305690467,2.47336873979655e-05
38,0.5,0.04,0.000235994545758207,2.48353731499757e-05
39,0.541666666666667,0.04,0.000255813381044539,2.49479146003003e-05
40,0.583333333333333,0.04,0.000275642708106214,2.5071506476204e-05
41,0.625,0.04,0.000295478327840362,2.52045653860029e-05
42,0.666666666666667,0.04,0.00031531748880598,2.53449847830253e-05
43,0.708333333333333,0.04,0.000335158473378482,2.54907495461596e-05
44,0.75,0.04,0.00035500026447805,2.56401834752616e-05
45,0.791666666666667,0.04,0.000374842297089851,2.57920010596629e-05
46,0.833333333333333,0.04,0.000394684283838357,2.59452659596133e-05
47,0.875,0.04,0.000414526099140667,2.60993142775787e-05
48,0.916666666666667,0.04,0.000434367706997157,2.62536744160642e-05
49,0.958333333333333,0.04,0.000454209121173106,2.64080031824168e-05
50,1,0.04,0.000474050396064025,2.6562059958425e-05
51,0,0.08,0,0
52,0.0416666666666667,0.08,1.8037111938659e-05,5.73435131889359e-06
53,0.0833333333333333,0.08,3.73752469335406e-05,1.06482438484286e-05
54,0.125,0.08,5.72314414971495e-05,1.4090545742808e-05
55,0.166666666666667,0.08,7.71368920958336e-05,1.62083234368185e-05
56,0.208333333333333,0.08,9.70097442876266e-05,1.74352957470864e-05
57,0.25,0.08,0.000116852720762769,1.81174036711058e-05
58,0.291666666666667,0.08,0.000136680128489296,1.84878458337012e-05
59,0.333333333333333,0.08,0.000156502709606172,1.86932346569352e-05
60,0.375,0.08,0.000176326282857593,1.88208168377035e-05
61,0.416666666666667,0.08,0.000196153208223041,1.89194318697261e-05
62,0.458333333333333,0.08,0.000215983913925307,1.9014239430453e-05
63,0.5,0.08,0.000235817941651169,1.91165341819453e-05
64,0.541666666666667,0.08,0.000255654545583388,1.92300014265899e-05
65,0.583333333333333,0.08,0.00027549298874908,1.93545249339424e-05
66,0.625,0.08,0.000295332661911453,1.94883828234612e-05
67,0.666666666666667,0.08,0.000315173109910942,1.96294265973002e-05
68,0.708333333333333,0.08,0.000335014016244518,1.97756483785006e-05
69,0.75,0.08,0.000354855173414496,1.99254005295535e-05
70,0.791666666666667,0.08,0.000374696452357086,2.00774323980367e-05
71,0.833333333333333,0.08,0.000394537776233965,2.02308418397724e-05
72,0.875,0.08,0.000414379099749213,2.03849959209897e-05
73,0.916666666666667,0.08,0.000434220393611764,2.05394486903673e-05
74,0.958333333333333,0.08,0.000454061634704544,2.06938681003864e-05
75,1,0.08,0.000473902807590014,2.08479713060988e-05
76,0,0.12,0,0
77,0.0416666666666667,0.12,1.76340385991471e-05,3.5795679581253e-06
78,0.0833333333333333,0.12,3.64421002452173e-05,6.76409011586928e-06
79,0.125,0.12,5.60207435379486e-05,9.18531027713818e-06
80,0.166666666666667,0.12,7.59529712948939e-05,1.08072118963674e-05
81,0.208333333333333,0.12,9.59932699727847e-05,1.18016026503849e-05
82,0.25,0.12,0.000116038834409016,1.23811627742995e-05
83,0.291666666666667,0.12,0.000136052993293916,1.27137574801168e-05
84,0.333333333333333,0.12,0.000156027362633333,1.29125818499732e-05
85,0.375,0.12,0.000175964962446773,1.30473667258917e-05
86,0.416666666666667,0.12,0.00019587264909317,1.31578685334888e-05
87,0.458333333333333,0.12,0.000215757760562697,1.32647896660663e-05
88,0.5,0.12,0.000235626742135333,1.33775054782623e-05
89,0.541666666666667,0.12,0.00025548471846155,1.34991270609283e-05
90,0.583333333333333,0.12,0.000275335504788575,1.36296223498281e-05
91,0.625,0.12,0.000295181799486485,1.37676256791774e-05
92,0.666666666666667,0.12,0.00031502542707985,1.39114111262937e-05
93,0.708333333333333,0.12,0.000334867569030925,1.40593610208157e-05
94,0.75,0.12,0.000354708956471643,1.42101476827878e-05
95,0.791666666666667,0.12,0.000374550018559859,1.43627646373795e-05
96,0.833333333333333,0.12,0.000394390989532241,1.45164878755482e-05
97,0.875,0.12,0.000414231981218705,1.46708115731409e-05
98,0.916666666666667,0.12,0.00043407302855552,1.48253798183504e-05
99,0.958333333333333,0.12,0.00045391411539453,1.49799204353585e-05
100,1,0.12,0.000473755187574254,1.51341713126791e-05
101,0,0.16,0,0
102,0.0416666666666667,0.16,1.74727830852809e-05,1.75687188953706e-06
103,0.0833333333333333,0.16,3.60279523054492e-05,3.35702394965132e-06
104,0.125,0.16,5.53966789650743e-05,4.64922471489962e-06
105,0.166666666666667,0.16,7.5249657625875e-05,5.58969163315618e-06
106,0.208333333333333,0.16,9.53234952591036e-05,6.22159097184016e-06
107,0.25,0.16,0.000115458428433241,6.62925257734863e-06
108,0.291666666666667,0.16,0.000135575545720532,6.89524515960034e-06
109,0.333333333333333,0.16,0.000155643846358307,7.08153037539415e-06
110,0.375,0.16,0.000175657399124788,7.2284760216973e-06
111,0.416666666666667,0.16,0.000195621807090257,7.35982960098656e-06
112,0.458333333333333,0.16,0.000215546768108319,7.48821103673244e-06
113,0.5,0.16,0.000235442304596673,7.61945108186547e-06
114,0.541666666666667,0.16,0.000255317099663908,7.75557385731697e-06
115,0.583333333333333,0.16,0.000275177976850994,7.89667567289969e-06
116,0.625,0.16,0.000295029948577595,8.04202413534242e-06
117,0.666666666666667,0.16,0.000314876503736847,8.19065123532377e-06
118,0.708333333333333,0.16,0.000334719956913943,8.34163941523472e-06
119,0.75,0.16,0.000354561772904429,8.49423345405162e-06
120,0.791666666666667,0.16,0.000374402832294929,8.64786129320811e-06
121,0.833333333333333,0.16,0.000394243631470029,8.80211270183855e-06
122,0.875,0.16,0.000414084423257445,8.95670236605138e-06
123,0.916666666666667,0.16,0.000433925308762664,9.11142956347627e-06
124,0.958333333333333,0.16,0.00045376629050757,9.26613596295574e-06
125,1,0.16,0.00047360729343404,9.42065172921463e-06
126,0,0.2,0,0
127,0.0416666666666667,0.2,1.74268391578166e-05,6.12965260456172e-08
128,0.0833333333333333,0.2,3.58978499273698e-05,1.57586586950225e-07
129,0.125,0.2,5.51723663403169e-05,3.12393081897127e-07
130,0.166666666666667,0.2,7.49602659305366e-05,5.03033799621836e-07
131,0.208333333333333,0.2,9.50129332009034e-05,6.9964886563226e-07
132,0.25,0.2,0.000115160034313537,8.86372143141696e-07
133,0.291666666666667,0.2,0.00013530530529048,1.06052917871014e-06
134,0.333333333333333,0.2,0.000155404987488998,1.2251694797016e-06
135,0.375,0.2,0.000175446399959201,1.3840951332159e-06
136,0.416666666666667,0.2,0.000195432674078754,1.54012894812492e-06
137,0.458333333333333,0.2,0.00021537341510781,1.69495399595142e-06
138,0.5,0.2,0.000235279603132255,1.84942552549563e-06
139,0.541666666666667,0.2,0.000255161164394289,2.00390761839077e-06
140,0.583333333333333,0.2,0.000275026078597185,2.15851299611128e-06
141,0.625,0.2,0.000294880287032469,2.31324494169236e-06
142,0.666666666666667,0.2,0.000314727960331271,2.46807059816459e-06
143,0.708333333333333,0.2,0.000334571880674041,2.62295369141398e-06
144,0.75,0.2,0.000354413815350016,2.77786609292407e-06
145,0.791666666666667,0.2,0.00037425482974765,2.93278969006873e-06
146,0.833333333333333,0.2,0.000394095526237129,3.08771455174309e-06
147,0.875,0.2,0.000413936213759856,3.24263603982206e-06
148,0.916666666666667,0.2,0.000433777019537285,3.39755133277136e-06
149,0.958333333333333,0.2,0.000453617953768967,3.55245328928681e-06
150,1,0.2,0.00047345893259697,3.7073148985423e-06
151,0,0.24,0,0
152,0.0416666666666667,0.24,1.74698915583508e-05,-1.64572754765283e-06
153,0.0833333333333333,0.24,3.59873629079417e-05,-3.03802004689786e-06
154,0.125,0.24,5.52732628041395e-05,-3.99914699017648e-06
155,0.166666666666667,0.24,7.50372628723574e-05,-4.55238481361629e-06
156,0.208333333333333,0.24,9.50487069502308e-05,-4.7990394349888e-06
157,0.25,0.24,0.00011515267358506,-4.84449265938231e-06
158,0.291666666666667,0.24,0.000135260256544395,-4.77047112234087e-06
159,0.333333333333333,0.24,0.000155329714662449,-4.63195191310596e-06
160,0.375,0.24,0.000175348091128975,-4.46277151578083e-06
161,0.416666666666667,0.24,0.000195317462442165,-4.28226294339645e-06
162,0.458333333333333,0.24,0.000215246212761272,-4.10054500624932e-06
163,0.5,0.24,0.00023514417203202,-3.92222439596467e-06
164,0.541666666666667,0.24,0.000255020277135451,-3.74882187474627e-06
165,0.583333333333333,0.24,0.000274881705552065,-3.5802837441841e-06
166,0.625,0.24,0.000294733778374673,-3.41587391077215e-06
167,0.666666666666667,0.24,0.000314580206732193,-3.25466484250997e-06
168,0.708333333333333,0.24,0.000334423445719737,-3.09578065189511e-06
169,0.75,0.24,0.000354265038761498,-2.93849540551781e-06
170,0.791666666666667,0.24,0.00037410590410842,-2.78225302216831e-06
171,0.833333333333333,0.24,0.00039394655168439,-2.62664934688443e-06
172,0.875,0.24,0.00041378723560017,-2.47139962690567e-06
173,0.916666666666667,0.24,0.000433628053779467,-2.31630318282249e-06
174,0.958333333333333,0.24,0.000453469005516787,-2.16120982530932e-06
175,1,0.24,0.000473310010881538,-2.00598951096439e-06
176,0,0.28,0,0
177,0.0416666666666667,0.28,1.76320200994673e-05,-3.50457330336669e-06
178,0.0833333333333333,0.28,3.63310341536553e-05,-6.41781026997293e-06
179,0.125,0.28,5.57150466348618e-05,-8.44528779846245e-06
180,0.166666666666667,0.28,7.54773812381532e-05,-9.67723223799918e-06
181,0.208333333333333,0.28,9.54182932145859e-05,-1.03182676056745e-05
182,0.25,0.28,0.000115421304668367,-1.05682177091911e-05
183,0.291666666666667,0.28,0.000135425619760111,-1.05823079355991e-05
184,0.333333333333333,0.28,0.000155404663790209,-1.04670773717608e-05
185,0.375,0.28,0.00017535106559687,-1.02894067607596e-05
186,0.416666666666667,0.28,0.000195266917079874,-1.00880183329163e-05
187,0.458333333333333,0.28,0.000215157997786435,-9.88332928099037e-06
188,0.5,0.28,0.000235030707748841,-9.68468537389867e-06
189,0.541666666666667,0.28,0.000254890674411363,-9.49522034806787e-06
190,0.583333333333333,0.28,0.000274742296287974,-9.31490890413805e-06
191,0.625,0.28,0.000294588752471183,-9.14236518230204e-06
192,0.666666666666667,0.28,0.000314432203806352,-8.97582446655116e-06
193,0.708333333333333,0.28,0.000334274040606654,-8.81362308600735e-06
194,0.75,0.28,0.000354115109382669,-8.65438874723305e-06
195,0.791666666666667,0.28,0.000373955894021407,-8.49707651589083e-06
196,0.833333333333333,0.28,0.000393796648350521,-8.34093183695816e-06
197,0.875,0.28,0.00041363748619029,-8.18542637089218e-06
198,0.916666666666667,0.28,0.000433478437841698,-8.03018956796468e-06
199,0.958333333333333,0.28,0.000453319482514178,-7.87494250290677e-06
200,1,0.28,0.000473160562077796,-7.7194272446539e-06
201,0,0.32,0,0
202,0.0416666666666667,0.32,1.8029346255883e-05,-5.71348234662684e-06
203,0.0833333333333333,0.32,3.70768786880598e-05,-1.01834530255491e-05
204,0.125,0.32,5.66003163112785e-05,-1.31645219885428e-05
205,0.166666666666667,0.32,7.6317378805913e-05,-1.49451213355179e-05
206,0.208333333333333,0.32,9.61075140771319e-05,-1.58835226120141e-05
207,0.25,0.32,0.000115924257545324,-1.62810887246481e-05
208,0.291666666666667,0.32,0.000135750896419681,-1.63573938043821e-05
209,0.333333333333333,0.32,0.000155581719027059,-1.62587947300934e-05
210,0.375,0.32,0.000175414852992396,-1.60759574771013e-05
211,0.416666666666667,0.32,0.000195249682508222,-1.58610379372565e-05
212,0.458333333333333,0.32,0.000215085948319059,-1.56414275521801e-05
213,0.5,0.32,0.000234923455837493,-1.54296247912713e-05
214,0.541666666666667,0.32,0.000254762002511491,-1.52298103217557e-05
215,0.583333333333333,0.32,0.000274601378469217,-1.50419563625049e-05
216,0.625,0.32,0.000294441384316954,-1.48642350015629e-05
217,0.666666666666667,0.32,0.000314281846129259,-1.46943247905439e-05
218,0.708333333333333,0.32,0.000334122622759335,-1.45300444220012e-05
219,0.75,0.32,0.000353963606385652,-1.43696007726244e-05
220,0.791666666666667,0.32,0.000373804718747345,-1.42116330590598e-05
221,0.833333333333333,0.32,0.000393645905243463,-1.40551615973002e-05
222,0.875,0.32,0.000413487128172301,-1.3899501759254e-05
223,0.916666666666667,0.32,0.000433328359567533,-1.37441741510315e-05
224,0.958333333333333,0.32,0.000453169574895376,-1.35888235681549e-05
225,1,0.32,0.000473010759854775,-1.34331336200247e-05
226,0,0.36,0,0
227,0.0416666666666667,0.36,1.90196523016599e-05,-8.61108646294812e-06
228,0.0833333333333333,0.36,3.85916148259027e-05,-1.45449152183177e-05
229,0.125,0.36,5.81369164419744e-05,-1.82375398448537e-05
230,0.166666666666667,0.36,7.76073749064157e-05,-2.0367145002499e-05
231,0.208333333333333,0.36,9.70661001063194e-05,-2.14775431579676e-05
232,0.25,0.36,0.000116566677168054,-2.19585123446504e-05
233,0.291666666666667,0.36,0.000136133836097785,-2.20728840028979e-05
234,0.333333333333333,0.36,0.000155770499171945,-2.19891142574621e-05
235,0.375,0.36,0.000175467977323186,-2.18096258524444e-05
236,0.416666666666667,0.36,0.000195213411848778,-2.15929195785377e-05
237,0.458333333333333,0.36,0.000214993997568792,-2.13697283142991e-05
238,0.5,0.36,0.000234798887028401,-2.1154189542657e-05
239,0.541666666666667,0.36,0.000254619726778695,-2.09511774255406e-05
240,0.583333333333333,0.36,0.000274450507059201,-2.07608617765133e-05
241,0.625,0.36,0.000294287138077592,-2.05813776414454e-05
242,0.666666666666667,0.36,0.000314126974536719,-2.04102761180903e-05
243,0.708333333333333,0.36,0.000333968391220244,-2.02452314808724e-05
244,0.75,0.36,0.000353810445577723,-2.00843218695492e-05
245,0.791666666666667,0.36,0.000373652629337155,-1.99260840073018e-05
246,0.833333333333333,0.36,0.000393494696559213,-1.97694615362318e-05
247,0.875,0.36,0.000413336551346479,-1.96137138155537e-05
248,0.916666666666667,0.36,0.000433178179165429,-1.94583201302295e-05
249,0.958333333333333,0.36,0.000453019608292483,-1.93028983254545e-05
250,1,0.36,0.000472860892552916,-1.91471560233855e-05
251,0,0.4,0,0
252,0.0416666666666667,0.4,2.19340599677399e-05,-1.27571284515189e-05
253,0.0833333333333333,0.4,4.17492472990679e-05,-1.95832398477422e-05
254,0.125,0.4,6.06224894412121e-05,-2.35762468606263e-05
255,0.166666666666667,0.4,7.93067300652889e-05,-2.58377740965473e-05
256,0.208333333333333,0.4,9.81141426814274e-05,-2.70237250754217e-05
257,0.25,0.4,0.000117142068158481,-2.75566732386944e-05
258,0.291666666666667,0.4,0.000136392340851303,-2.77091220416091e-05
259,0.333333333333333,0.4,0.000155829622809266,-2.76529998070888e-05
260,0.375,0.4,0.000175409372709825,-2.74928724494655e-05
261,0.416666666666667,0.4,0.000195090377235056,-2.72891361229348e-05
262,0.458333333333333,0.4,0.000214839342255028,-2.70742314542352e-05
263,0.5,0.4,0.000234631548875426,-2.68637214117136e-05
264,0.541666666666667,0.4,0.00025444977500299,-2.66635815794865e-05
265,0.583333333333333,0.4,0.000274282660998571,-2.64747795319884e-05
266,0.625,0.4,0.000294123099728186,-2.62959971902826e-05
267,0.666666666666667,0.4,0.000313966890517264,-2.61251420810136e-05
268,0.708333333333333,0.4,0.000333811715709639,-2.59601092221101e-05
269,0.75,0.4,0.000353656413591613,-2.5799105835506e-05
270,0.791666666666667,0.4,0.000373500490300698,-2.56407388854529e-05
271,0.833333333333333,0.4,0.000393343809812477,-2.54839866591002e-05
272,0.875,0.4,0.000413186409974517,-2.53281235958861e-05
273,0.916666666666667,0.4,0.000433028405684004,-2.517263585362e-05
274,0.958333333333333,0.4,0.000452869953368052,-2.50171497021816e-05
275,1,0.4,0.000472711258572286,-2.48614003475961e-05
