"asset","sha256","source_document","embedded_name","embedded_index","bytes"
"embedded_001.png","a488efcea6f4641732a505e9627b7fcc42ab6ad7812bafb7454ca9e1c764cfbc","任务8\task8_nature_output\任务8_矩形薄板拉伸平面弹性分析_Nature优化版.docx","word/media/image1.png","1","73974"
"embedded_002.png","33191778800341d4b6e1c0ff631a2853e14054ff171194965f39e3da75fb86ab","任务8\task8_nature_output\任务8_矩形薄板拉伸平面弹性分析_Nature优化版.docx","word/media/image2.png","2","95875"
"embedded_003.png","5966cff3c359570639d8f526c05e84fde8542e0eda017e3911f367b4c46c3238","任务8\task8_nature_output\任务8_矩形薄板拉伸平面弹性分析_Nature优化版.docx","word/media/image3.png","3","198123"
"embedded_004.png","986758584d710dde74b03295807615d6ee9080d9c246b457a755064e06f8ed2e","任务8\task8_nature_output\任务8_矩形薄板拉伸平面弹性分析_Nature优化版.docx","word/media/image4.png","4","157740"
"embedded_001.png","a488efcea6f4641732a505e9627b7fcc42ab6ad7812bafb7454ca9e1c764cfbc","任务8\task8_nature_output\任务8_Nature双栏公式修正版_v4.docx","word/media/image1.png","1","73974"
"embedded_002.png","33191778800341d4b6e1c0ff631a2853e14054ff171194965f39e3da75fb86ab","任务8\task8_nature_output\任务8_Nature双栏公式修正版_v4.docx","word/media/image2.png","2","95875"
"embedded_003.png","5966cff3c359570639d8f526c05e84fde8542e0eda017e3911f367b4c46c3238","任务8\task8_nature_output\任务8_Nature双栏公式修正版_v4.docx","word/media/image3.png","3","198123"
"embedded_004.png","986758584d710dde74b03295807615d6ee9080d9c246b457a755064e06f8ed2e","任务8\task8_nature_output\任务8_Nature双栏公式修正版_v4.docx","word/media/image4.png","4","157740"
"embedded_005.png","eef0d362f3d76ad708d4669d1b64004737535373af1926b8701e3f13773bc18f","任务8\task8_nature_output\任务8_Nature双栏公式修正版_v4.docx","word/media/image5.png","5","57079"
"embedded_006.png","d9e78e5e006e9e3668c3c0c1cde63e0c1b6c2330359f6cc5b89386d1dce35a0c","任务8\task8_nature_output\任务8_Nature双栏公式修正版_v4.docx","word/media/image6.png","6","58234"
"embedded_007.png","d8407959523c724299889577081fbb739db984f8f6d6dea55792eb5181ede65d","任务8\task8_nature_output\任务8_Nature双栏公式修正版_v4.docx","word/media/image7.png","7","49796"
"embedded_008.png","503bc663952120e7e420ce3d7d80c36e47c5e3ed8990339146cff45da9fcd188","任务8\task8_nature_output\任务8_Nature双栏公式修正版_v4.docx","word/media/image8.png","8","53711"
"embedded_009.png","a40406848fe149f2feb2785768b8ace5181e866c232cd7170c6677550b820a1b","任务8\task8_nature_output\任务8_Nature双栏公式修正版_v4.docx","word/media/image9.png","9","54296"
"embedded_010.png","216c146699a03920aa768b8f66ee2e8b26b341fea96a2bc2064ed232ac57d9af","任务8\task8_nature_output\任务8_Nature双栏公式修正版_v4.docx","word/media/image10.png","10","122281"
"embedded_011.png","7a1340a2579b110c11bfef2efbc6de2c6b8012f79e95d9883f33a784a727cdc0","任务8\task8_nature_output\任务8_Nature双栏公式修正版_v4.docx","word/media/image11.png","11","150738"
"embedded_012.png","3603f5b01910ea9428e6f353a539e4cadfec8c270f27d9932b5fc420f1d07297","任务8\task8_nature_output\任务8_Nature双栏公式修正版_v4.docx","word/media/image12.png","12","98294"
"embedded_013.png","84278d915479bb167a216e7a124709fd8b57ecbab322409d3cbf63fc57f70e61","任务8\task8_nature_output\任务8_Nature双栏公式修正版_v4.docx","word/media/image13.png","13","88220"
"embedded_014.png","34eac0c334c93f0c0971b729c727eec97cae212d0735406a734a659d4c0408d4","任务8\task8_nature_output\任务8_Nature双栏公式修正版_v4.docx","word/media/image14.png","14","133000"
"embedded_015.png","d9485f7d5e3cd307d62bf230853d0bba35f9aa15bab5f1afbd1e586adbcf6c80","任务8\task8_nature_output\任务8_Nature双栏公式修正版_v4.docx","word/media/image15.png","15","73251"
"embedded_016.png","f1d1b2d73dd7076fe4c02b12ecf209f45b546461eb15de605e9616cfc3f780c9","任务8\task8_nature_output\任务8_Nature双栏公式修正版_v4.docx","word/media/image16.png","16","67612"
"embedded_017.png","6d151cea9f60cc69bb6a04b7b9f8e5f2ea7bada5e324171392a7e9219236cf09","任务8\task8_nature_output\任务8_Nature双栏公式修正版_v4.docx","word/media/image17.png","17","338042"
"embedded_018.png","3603f7e247aff80b4cfaf70a6a1c4f946b206c265917e8949d8c73fa45b2d545","任务8\task8_nature_output\任务8_Nature双栏公式修正版_v4.docx","word/media/image18.png","18","355337"
"embedded_019.png","0c378737d9739a922e8d704479423777bf8ed6960470d643a3c42ac7e8f9f17c","任务8\task8_nature_output\任务8_Nature双栏公式修正版_v4.docx","word/media/image19.png","19","93171"
"embedded_020.png","8897f9d913537b0ca2de6e09ba33dd98a552a70ebbed1cb59efc41b091db1241","任务8\task8_nature_output\任务8_Nature双栏公式修正版_v4.docx","word/media/image20.png","20","90345"
"embedded_021.png","37f91825b6db828d4bcd4117252cdb38e77b1f2abd3ad5df08efed7c4315f960","任务8\task8_nature_output\任务8_Nature双栏公式修正版_v4.docx","word/media/image21.png","21","133326"
"embedded_001.png","a488efcea6f4641732a505e9627b7fcc42ab6ad7812bafb7454ca9e1c764cfbc","任务8\task8_nature_output\任务8_Nature双栏公式修正版_v5.docx","word/media/image1.png","1","73974"
"embedded_002.png","33191778800341d4b6e1c0ff631a2853e14054ff171194965f39e3da75fb86ab","任务8\task8_nature_output\任务8_Nature双栏公式修正版_v5.docx","word/media/image2.png","2","95875"
"embedded_003.png","5966cff3c359570639d8f526c05e84fde8542e0eda017e3911f367b4c46c3238","任务8\task8_nature_output\任务8_Nature双栏公式修正版_v5.docx","word/media/image3.png","3","198123"
"embedded_004.png","986758584d710dde74b03295807615d6ee9080d9c246b457a755064e06f8ed2e","任务8\task8_nature_output\任务8_Nature双栏公式修正版_v5.docx","word/media/image4.png","4","157740"
"embedded_005.png","eef0d362f3d76ad708d4669d1b64004737535373af1926b8701e3f13773bc18f","任务8\task8_nature_output\任务8_Nature双栏公式修正版_v5.docx","word/media/image5.png","5","57079"
"embedded_006.png","d9e78e5e006e9e3668c3c0c1cde63e0c1b6c2330359f6cc5b89386d1dce35a0c","任务8\task8_nature_output\任务8_Nature双栏公式修正版_v5.docx","word/media/image6.png","6","58234"
"embedded_007.png","d8407959523c724299889577081fbb739db984f8f6d6dea55792eb5181ede65d","任务8\task8_nature_output\任务8_Nature双栏公式修正版_v5.docx","word/media/image7.png","7","49796"
"embedded_008.png","503bc663952120e7e420ce3d7d80c36e47c5e3ed8990339146cff45da9fcd188","任务8\task8_nature_output\任务8_Nature双栏公式修正版_v5.docx","word/media/image8.png","8","53711"
"embedded_009.png","a40406848fe149f2feb2785768b8ace5181e866c232cd7170c6677550b820a1b","任务8\task8_nature_output\任务8_Nature双栏公式修正版_v5.docx","word/media/image9.png","9","54296"
"embedded_010.png","216c146699a03920aa768b8f66ee2e8b26b341fea96a2bc2064ed232ac57d9af","任务8\task8_nature_output\任务8_Nature双栏公式修正版_v5.docx","word/media/image10.png","10","122281"
"embedded_011.png","7a1340a2579b110c11bfef2efbc6de2c6b8012f79e95d9883f33a784a727cdc0","任务8\task8_nature_output\任务8_Nature双栏公式修正版_v5.docx","word/media/image11.png","11","150738"
"embedded_012.png","3603f5b01910ea9428e6f353a539e4cadfec8c270f27d9932b5fc420f1d07297","任务8\task8_nature_output\任务8_Nature双栏公式修正版_v5.docx","word/media/image12.png","12","98294"
"embedded_013.png","84278d915479bb167a216e7a124709fd8b57ecbab322409d3cbf63fc57f70e61","任务8\task8_nature_output\任务8_Nature双栏公式修正版_v5.docx","word/media/image13.png","13","88220"
"embedded_014.png","34eac0c334c93f0c0971b729c727eec97cae212d0735406a734a659d4c0408d4","任务8\task8_nature_output\任务8_Nature双栏公式修正版_v5.docx","word/media/image14.png","14","133000"
"embedded_015.png","d9485f7d5e3cd307d62bf230853d0bba35f9aa15bab5f1afbd1e586adbcf6c80","任务8\task8_nature_output\任务8_Nature双栏公式修正版_v5.docx","word/media/image15.png","15","73251"
"embedded_016.png","f1d1b2d73dd7076fe4c02b12ecf209f45b546461eb15de605e9616cfc3f780c9","任务8\task8_nature_output\任务8_Nature双栏公式修正版_v5.docx","word/media/image16.png","16","67612"
"embedded_017.png","6d151cea9f60cc69bb6a04b7b9f8e5f2ea7bada5e324171392a7e9219236cf09","任务8\task8_nature_output\任务8_Nature双栏公式修正版_v5.docx","word/media/image17.png","17","338042"
"embedded_018.png","3603f7e247aff80b4cfaf70a6a1c4f946b206c265917e8949d8c73fa45b2d545","任务8\task8_nature_output\任务8_Nature双栏公式修正版_v5.docx","word/media/image18.png","18","355337"
"embedded_019.png","0c378737d9739a922e8d704479423777bf8ed6960470d643a3c42ac7e8f9f17c","任务8\task8_nature_output\任务8_Nature双栏公式修正版_v5.docx","word/media/image19.png","19","93171"
"embedded_020.png","8897f9d913537b0ca2de6e09ba33dd98a552a70ebbed1cb59efc41b091db1241","任务8\task8_nature_output\任务8_Nature双栏公式修正版_v5.docx","word/media/image20.png","20","90345"
"embedded_021.png","37f91825b6db828d4bcd4117252cdb38e77b1f2abd3ad5df08efed7c4315f960","任务8\task8_nature_output\任务8_Nature双栏公式修正版_v5.docx","word/media/image21.png","21","133326"
"embedded_001.png","a488efcea6f4641732a505e9627b7fcc42ab6ad7812bafb7454ca9e1c764cfbc","任务8\task8_nature_output\任务8_Nature双栏最终排版版_v2.docx","word/media/image1.png","1","73974"
"embedded_002.png","33191778800341d4b6e1c0ff631a2853e14054ff171194965f39e3da75fb86ab","任务8\task8_nature_output\任务8_Nature双栏最终排版版_v2.docx","word/media/image2.png","2","95875"
"embedded_003.png","5966cff3c359570639d8f526c05e84fde8542e0eda017e3911f367b4c46c3238","任务8\task8_nature_output\任务8_Nature双栏最终排版版_v2.docx","word/media/image3.png","3","198123"
"embedded_004.png","986758584d710dde74b03295807615d6ee9080d9c246b457a755064e06f8ed2e","任务8\task8_nature_output\任务8_Nature双栏最终排版版_v2.docx","word/media/image4.png","4","157740"
"embedded_001.png","a488efcea6f4641732a505e9627b7fcc42ab6ad7812bafb7454ca9e1c764cfbc","任务8\task8_nature_output\任务8_Nature双栏最终排版版_v3.docx","word/media/image1.png","1","73974"
"embedded_002.png","33191778800341d4b6e1c0ff631a2853e14054ff171194965f39e3da75fb86ab","任务8\task8_nature_output\任务8_Nature双栏最终排版版_v3.docx","word/media/image2.png","2","95875"
"embedded_003.png","5966cff3c359570639d8f526c05e84fde8542e0eda017e3911f367b4c46c3238","任务8\task8_nature_output\任务8_Nature双栏最终排版版_v3.docx","word/media/image3.png","3","198123"
"embedded_004.png","986758584d710dde74b03295807615d6ee9080d9c246b457a755064e06f8ed2e","任务8\task8_nature_output\任务8_Nature双栏最终排版版_v3.docx","word/media/image4.png","4","157740"
"embedded_005.png","eef0d362f3d76ad708d4669d1b64004737535373af1926b8701e3f13773bc18f","任务8\task8_nature_output\任务8_Nature双栏最终排版版_v3.docx","word/media/image5.png","5","57079"
"embedded_006.png","d9e78e5e006e9e3668c3c0c1cde63e0c1b6c2330359f6cc5b89386d1dce35a0c","任务8\task8_nature_output\任务8_Nature双栏最终排版版_v3.docx","word/media/image6.png","6","58234"
"embedded_007.png","d8407959523c724299889577081fbb739db984f8f6d6dea55792eb5181ede65d","任务8\task8_nature_output\任务8_Nature双栏最终排版版_v3.docx","word/media/image7.png","7","49796"
"embedded_008.png","503bc663952120e7e420ce3d7d80c36e47c5e3ed8990339146cff45da9fcd188","任务8\task8_nature_output\任务8_Nature双栏最终排版版_v3.docx","word/media/image8.png","8","53711"
"embedded_009.png","a40406848fe149f2feb2785768b8ace5181e866c232cd7170c6677550b820a1b","任务8\task8_nature_output\任务8_Nature双栏最终排版版_v3.docx","word/media/image9.png","9","54296"
"embedded_010.png","216c146699a03920aa768b8f66ee2e8b26b341fea96a2bc2064ed232ac57d9af","任务8\task8_nature_output\任务8_Nature双栏最终排版版_v3.docx","word/media/image10.png","10","122281"
"embedded_011.png","7a1340a2579b110c11bfef2efbc6de2c6b8012f79e95d9883f33a784a727cdc0","任务8\task8_nature_output\任务8_Nature双栏最终排版版_v3.docx","word/media/image11.png","11","150738"
"embedded_012.png","3603f5b01910ea9428e6f353a539e4cadfec8c270f27d9932b5fc420f1d07297","任务8\task8_nature_output\任务8_Nature双栏最终排版版_v3.docx","word/media/image12.png","12","98294"
"embedded_013.png","84278d915479bb167a216e7a124709fd8b57ecbab322409d3cbf63fc57f70e61","任务8\task8_nature_output\任务8_Nature双栏最终排版版_v3.docx","word/media/image13.png","13","88220"
"embedded_014.png","34eac0c334c93f0c0971b729c727eec97cae212d0735406a734a659d4c0408d4","任务8\task8_nature_output\任务8_Nature双栏最终排版版_v3.docx","word/media/image14.png","14","133000"
"embedded_015.png","d9485f7d5e3cd307d62bf230853d0bba35f9aa15bab5f1afbd1e586adbcf6c80","任务8\task8_nature_output\任务8_Nature双栏最终排版版_v3.docx","word/media/image15.png","15","73251"
"embedded_016.png","f1d1b2d73dd7076fe4c02b12ecf209f45b546461eb15de605e9616cfc3f780c9","任务8\task8_nature_output\任务8_Nature双栏最终排版版_v3.docx","word/media/image16.png","16","67612"
"embedded_017.png","6d151cea9f60cc69bb6a04b7b9f8e5f2ea7bada5e324171392a7e9219236cf09","任务8\task8_nature_output\任务8_Nature双栏最终排版版_v3.docx","word/media/image17.png","17","338042"
"embedded_018.png","3603f7e247aff80b4cfaf70a6a1c4f946b206c265917e8949d8c73fa45b2d545","任务8\task8_nature_output\任务8_Nature双栏最终排版版_v3.docx","word/media/image18.png","18","355337"
"embedded_019.png","0c378737d9739a922e8d704479423777bf8ed6960470d643a3c42ac7e8f9f17c","任务8\task8_nature_output\任务8_Nature双栏最终排版版_v3.docx","word/media/image19.png","19","93171"
"embedded_020.png","8897f9d913537b0ca2de6e09ba33dd98a552a70ebbed1cb59efc41b091db1241","任务8\task8_nature_output\任务8_Nature双栏最终排版版_v3.docx","word/media/image20.png","20","90345"
"embedded_021.png","37f91825b6db828d4bcd4117252cdb38e77b1f2abd3ad5df08efed7c4315f960","任务8\task8_nature_output\任务8_Nature双栏最终排版版_v3.docx","word/media/image21.png","21","133326"
"embedded_001.png","a488efcea6f4641732a505e9627b7fcc42ab6ad7812bafb7454ca9e1c764cfbc","任务8\task8_nature_output\任务8_Nature双栏最终排版版.docx","word/media/image1.png","1","73974"
"embedded_002.png","33191778800341d4b6e1c0ff631a2853e14054ff171194965f39e3da75fb86ab","任务8\task8_nature_output\任务8_Nature双栏最终排版版.docx","word/media/image2.png","2","95875"
"embedded_003.png","5966cff3c359570639d8f526c05e84fde8542e0eda017e3911f367b4c46c3238","任务8\task8_nature_output\任务8_Nature双栏最终排版版.docx","word/media/image3.png","3","198123"
"embedded_004.png","986758584d710dde74b03295807615d6ee9080d9c246b457a755064e06f8ed2e","任务8\task8_nature_output\任务8_Nature双栏最终排版版.docx","word/media/image4.png","4","157740"
"embedded_022.png","fe83496f4de0ddfbee4fd9a127cb101e921372b4a3acf133ed1fa6f959061b32","任务8\task8_nature_output\final_paper_nature_style_academic_optimized_v8.docx","word/media/image1.png","1","169416"
"embedded_023.png","1d841e7ab6e2df5112328e2ffeeb08d3978bba6a51e92827faabba646a5de6ef","任务8\task8_nature_output\final_paper_nature_style_academic_optimized_v8.docx","word/media/image2.png","2","91583"
"embedded_024.png","a240b3bd1ee308e387425f9e82bd60c4a125761c3e81cfac81121847f31bad63","任务8\task8_nature_output\final_paper_nature_style_academic_optimized_v8.docx","word/media/image3.png","3","113537"
"embedded_025.png","9e750db0eeacbeeaca212537989c922baf9d26b8b8d405fdd79fbb1bb660c7e6","任务8\task8_nature_output\final_paper_nature_style_academic_optimized_v8.docx","word/media/image4.png","4","328938"
"embedded_026.png","f37d861555405093770385c81a9e3c5a0835204a97a0adffad6796b8eb65a5cb","任务8\task8_nature_output\final_paper_nature_style_academic_optimized_v8.docx","word/media/image5.png","5","127781"
"embedded_027.png","4921eeb40f0ff59443ec7f89db2408119c8f136bf6d65748bb3d05cda7688d5a","任务8\task8_nature_output\final_paper_nature_style_academic_optimized_v8.docx","word/media/image6.png","6","208054"
"embedded_028.png","09e1a173bbb3279a38951be8eabc7b3b8b84d0a7ad308be3409440d7e3bbf1f1","任务8\task8_nature_output\final_paper_nature_style_academic_optimized_v8.docx","word/media/image7.png","7","122388"
"embedded_029.png","ee7fa345a074a9d4022d55eea0056aca3e023101c7e72c212aee7573cb39dba9","任务8\task8_nature_output\final_paper_nature_style_academic_optimized_v8.docx","word/media/image8.png","8","146392"
"embedded_030.png","e3db43dabf4937cbe9319bf59a3bcd1f6085459a137f66a4b76ccf9ee923ff84","任务8\task8_nature_output\final_paper_nature_style_academic_optimized_v8.docx","word/media/image9.png","9","147568"
"embedded_031.png","c65e8fffa5645bf069e4ebb2f2e2d2a9f25ccbc3d969ff55cb7481dc8ba7a36f","任务8\task8_nature_output\final_paper_nature_style_academic_optimized_v8.docx","word/media/image10.png","10","141747"
"embedded_032.png","f2836402ae0406928f177d951ca17a266fdab053ac4263b5db5587ca05c9b3fe","任务8\task8_nature_output\final_paper_nature_style_academic_optimized_v8.docx","word/media/image11.png","11","202001"
"embedded_033.png","a60b561ee901ac176336b64555fd5a1d8f3e1817d71dc3d11e34b3e929ece97b","任务8\task8_nature_output\final_paper_nature_style_academic_optimized_v8.docx","word/media/image12.png","12","232409"
"embedded_034.png","f070f7f76a172a22ffd90ec6faaaffdf31497a6e7497001776a0b9c6ab5689a1","任务8\task8_nature_output\final_paper_nature_style_academic_optimized_v8.docx","word/media/image13.png","13","126176"
"embedded_035.png","b166b4a2888c83880d632c91605f4fcfda8f018db0153bd2efce318809e8e77d","任务8\task8_nature_output\final_paper_nature_style_academic_optimized_v8.docx","word/media/image14.png","14","107723"
"embedded_005.png","eef0d362f3d76ad708d4669d1b64004737535373af1926b8701e3f13773bc18f","任务8\task8_nature_output\source_task8.docx","word/media/image1.png","1","57079"
"embedded_006.png","d9e78e5e006e9e3668c3c0c1cde63e0c1b6c2330359f6cc5b89386d1dce35a0c","任务8\task8_nature_output\source_task8.docx","word/media/image2.png","2","58234"
"embedded_007.png","d8407959523c724299889577081fbb739db984f8f6d6dea55792eb5181ede65d","任务8\task8_nature_output\source_task8.docx","word/media/image3.png","3","49796"
"embedded_008.png","503bc663952120e7e420ce3d7d80c36e47c5e3ed8990339146cff45da9fcd188","任务8\task8_nature_output\source_task8.docx","word/media/image4.png","4","53711"
"embedded_009.png","a40406848fe149f2feb2785768b8ace5181e866c232cd7170c6677550b820a1b","任务8\task8_nature_output\source_task8.docx","word/media/image5.png","5","54296"
"embedded_010.png","216c146699a03920aa768b8f66ee2e8b26b341fea96a2bc2064ed232ac57d9af","任务8\task8_nature_output\source_task8.docx","word/media/image6.png","6","122281"
"embedded_011.png","7a1340a2579b110c11bfef2efbc6de2c6b8012f79e95d9883f33a784a727cdc0","任务8\task8_nature_output\source_task8.docx","word/media/image7.png","7","150738"
"embedded_012.png","3603f5b01910ea9428e6f353a539e4cadfec8c270f27d9932b5fc420f1d07297","任务8\task8_nature_output\source_task8.docx","word/media/image8.png","8","98294"
"embedded_013.png","84278d915479bb167a216e7a124709fd8b57ecbab322409d3cbf63fc57f70e61","任务8\task8_nature_output\source_task8.docx","word/media/image12.png","9","88220"
"embedded_014.png","34eac0c334c93f0c0971b729c727eec97cae212d0735406a734a659d4c0408d4","任务8\task8_nature_output\source_task8.docx","word/media/image13.png","10","133000"
"embedded_015.png","d9485f7d5e3cd307d62bf230853d0bba35f9aa15bab5f1afbd1e586adbcf6c80","任务8\task8_nature_output\source_task8.docx","word/media/image14.png","11","73251"
"embedded_016.png","f1d1b2d73dd7076fe4c02b12ecf209f45b546461eb15de605e9616cfc3f780c9","任务8\task8_nature_output\source_task8.docx","word/media/image15.png","12","67612"
"embedded_017.png","6d151cea9f60cc69bb6a04b7b9f8e5f2ea7bada5e324171392a7e9219236cf09","任务8\task8_nature_output\source_task8.docx","word/media/image16.png","13","338042"
"embedded_018.png","3603f7e247aff80b4cfaf70a6a1c4f946b206c265917e8949d8c73fa45b2d545","任务8\task8_nature_output\source_task8.docx","word/media/image17.png","14","355337"
"embedded_019.png","0c378737d9739a922e8d704479423777bf8ed6960470d643a3c42ac7e8f9f17c","任务8\task8_nature_output\source_task8.docx","word/media/image9.png","15","93171"
"embedded_020.png","8897f9d913537b0ca2de6e09ba33dd98a552a70ebbed1cb59efc41b091db1241","任务8\task8_nature_output\source_task8.docx","word/media/image11.png","16","90345"
"embedded_021.png","37f91825b6db828d4bcd4117252cdb38e77b1f2abd3ad5df08efed7c4315f960","任务8\task8_nature_output\source_task8.docx","word/media/image10.png","17","133326"
"embedded_001.png","a488efcea6f4641732a505e9627b7fcc42ab6ad7812bafb7454ca9e1c764cfbc","任务8\task8_nature_output\Task8_Nature_final_two_column_layout_v2.docx","word/media/image1.png","1","73974"
"embedded_002.png","33191778800341d4b6e1c0ff631a2853e14054ff171194965f39e3da75fb86ab","任务8\task8_nature_output\Task8_Nature_final_two_column_layout_v2.docx","word/media/image2.png","2","95875"
"embedded_003.png","5966cff3c359570639d8f526c05e84fde8542e0eda017e3911f367b4c46c3238","任务8\task8_nature_output\Task8_Nature_final_two_column_layout_v2.docx","word/media/image3.png","3","198123"
"embedded_004.png","986758584d710dde74b03295807615d6ee9080d9c246b457a755064e06f8ed2e","任务8\task8_nature_output\Task8_Nature_final_two_column_layout_v2.docx","word/media/image4.png","4","157740"
"embedded_001.png","a488efcea6f4641732a505e9627b7fcc42ab6ad7812bafb7454ca9e1c764cfbc","任务8\task8_nature_output\Task8_Nature_final_two_column_layout_v3.docx","word/media/image1.png","1","73974"
"embedded_002.png","33191778800341d4b6e1c0ff631a2853e14054ff171194965f39e3da75fb86ab","任务8\task8_nature_output\Task8_Nature_final_two_column_layout_v3.docx","word/media/image2.png","2","95875"
"embedded_003.png","5966cff3c359570639d8f526c05e84fde8542e0eda017e3911f367b4c46c3238","任务8\task8_nature_output\Task8_Nature_final_two_column_layout_v3.docx","word/media/image3.png","3","198123"
"embedded_004.png","986758584d710dde74b03295807615d6ee9080d9c246b457a755064e06f8ed2e","任务8\task8_nature_output\Task8_Nature_final_two_column_layout_v3.docx","word/media/image4.png","4","157740"
"embedded_005.png","eef0d362f3d76ad708d4669d1b64004737535373af1926b8701e3f13773bc18f","任务8\task8_nature_output\Task8_Nature_final_two_column_layout_v3.docx","word/media/image5.png","5","57079"
"embedded_006.png","d9e78e5e006e9e3668c3c0c1cde63e0c1b6c2330359f6cc5b89386d1dce35a0c","任务8\task8_nature_output\Task8_Nature_final_two_column_layout_v3.docx","word/media/image6.png","6","58234"
"embedded_007.png","d8407959523c724299889577081fbb739db984f8f6d6dea55792eb5181ede65d","任务8\task8_nature_output\Task8_Nature_final_two_column_layout_v3.docx","word/media/image7.png","7","49796"
"embedded_008.png","503bc663952120e7e420ce3d7d80c36e47c5e3ed8990339146cff45da9fcd188","任务8\task8_nature_output\Task8_Nature_final_two_column_layout_v3.docx","word/media/image8.png","8","53711"
"embedded_009.png","a40406848fe149f2feb2785768b8ace5181e866c232cd7170c6677550b820a1b","任务8\task8_nature_output\Task8_Nature_final_two_column_layout_v3.docx","word/media/image9.png","9","54296"
"embedded_010.png","216c146699a03920aa768b8f66ee2e8b26b341fea96a2bc2064ed232ac57d9af","任务8\task8_nature_output\Task8_Nature_final_two_column_layout_v3.docx","word/media/image10.png","10","122281"
"embedded_011.png","7a1340a2579b110c11bfef2efbc6de2c6b8012f79e95d9883f33a784a727cdc0","任务8\task8_nature_output\Task8_Nature_final_two_column_layout_v3.docx","word/media/image11.png","11","150738"
"embedded_012.png","3603f5b01910ea9428e6f353a539e4cadfec8c270f27d9932b5fc420f1d07297","任务8\task8_nature_output\Task8_Nature_final_two_column_layout_v3.docx","word/media/image12.png","12","98294"
"embedded_013.png","84278d915479bb167a216e7a124709fd8b57ecbab322409d3cbf63fc57f70e61","任务8\task8_nature_output\Task8_Nature_final_two_column_layout_v3.docx","word/media/image13.png","13","88220"
"embedded_014.png","34eac0c334c93f0c0971b729c727eec97cae212d0735406a734a659d4c0408d4","任务8\task8_nature_output\Task8_Nature_final_two_column_layout_v3.docx","word/media/image14.png","14","133000"
"embedded_015.png","d9485f7d5e3cd307d62bf230853d0bba35f9aa15bab5f1afbd1e586adbcf6c80","任务8\task8_nature_output\Task8_Nature_final_two_column_layout_v3.docx","word/media/image15.png","15","73251"
"embedded_016.png","f1d1b2d73dd7076fe4c02b12ecf209f45b546461eb15de605e9616cfc3f780c9","任务8\task8_nature_output\Task8_Nature_final_two_column_layout_v3.docx","word/media/image16.png","16","67612"
"embedded_017.png","6d151cea9f60cc69bb6a04b7b9f8e5f2ea7bada5e324171392a7e9219236cf09","任务8\task8_nature_output\Task8_Nature_final_two_column_layout_v3.docx","word/media/image17.png","17","338042"
"embedded_018.png","3603f7e247aff80b4cfaf70a6a1c4f946b206c265917e8949d8c73fa45b2d545","任务8\task8_nature_output\Task8_Nature_final_two_column_layout_v3.docx","word/media/image18.png","18","355337"
"embedded_019.png","0c378737d9739a922e8d704479423777bf8ed6960470d643a3c42ac7e8f9f17c","任务8\task8_nature_output\Task8_Nature_final_two_column_layout_v3.docx","word/media/image19.png","19","93171"
"embedded_020.png","8897f9d913537b0ca2de6e09ba33dd98a552a70ebbed1cb59efc41b091db1241","任务8\task8_nature_output\Task8_Nature_final_two_column_layout_v3.docx","word/media/image20.png","20","90345"
"embedded_021.png","37f91825b6db828d4bcd4117252cdb38e77b1f2abd3ad5df08efed7c4315f960","任务8\task8_nature_output\Task8_Nature_final_two_column_layout_v3.docx","word/media/image21.png","21","133326"
"embedded_001.png","a488efcea6f4641732a505e9627b7fcc42ab6ad7812bafb7454ca9e1c764cfbc","任务8\task8_nature_output\Task8_Nature_final_two_column_layout_v4_formula_fixed.docx","word/media/image1.png","1","73974"
"embedded_002.png","33191778800341d4b6e1c0ff631a2853e14054ff171194965f39e3da75fb86ab","任务8\task8_nature_output\Task8_Nature_final_two_column_layout_v4_formula_fixed.docx","word/media/image2.png","2","95875"
"embedded_003.png","5966cff3c359570639d8f526c05e84fde8542e0eda017e3911f367b4c46c3238","任务8\task8_nature_output\Task8_Nature_final_two_column_layout_v4_formula_fixed.docx","word/media/image3.png","3","198123"
"embedded_004.png","986758584d710dde74b03295807615d6ee9080d9c246b457a755064e06f8ed2e","任务8\task8_nature_output\Task8_Nature_final_two_column_layout_v4_formula_fixed.docx","word/media/image4.png","4","157740"
"embedded_005.png","eef0d362f3d76ad708d4669d1b64004737535373af1926b8701e3f13773bc18f","任务8\task8_nature_output\Task8_Nature_final_two_column_layout_v4_formula_fixed.docx","word/media/image5.png","5","57079"
"embedded_006.png","d9e78e5e006e9e3668c3c0c1cde63e0c1b6c2330359f6cc5b89386d1dce35a0c","任务8\task8_nature_output\Task8_Nature_final_two_column_layout_v4_formula_fixed.docx","word/media/image6.png","6","58234"
"embedded_007.png","d8407959523c724299889577081fbb739db984f8f6d6dea55792eb5181ede65d","任务8\task8_nature_output\Task8_Nature_final_two_column_layout_v4_formula_fixed.docx","word/media/image7.png","7","49796"
"embedded_008.png","503bc663952120e7e420ce3d7d80c36e47c5e3ed8990339146cff45da9fcd188","任务8\task8_nature_output\Task8_Nature_final_two_column_layout_v4_formula_fixed.docx","word/media/image8.png","8","53711"
"embedded_009.png","a40406848fe149f2feb2785768b8ace5181e866c232cd7170c6677550b820a1b","任务8\task8_nature_output\Task8_Nature_final_two_column_layout_v4_formula_fixed.docx","word/media/image9.png","9","54296"
"embedded_010.png","216c146699a03920aa768b8f66ee2e8b26b341fea96a2bc2064ed232ac57d9af","任务8\task8_nature_output\Task8_Nature_final_two_column_layout_v4_formula_fixed.docx","word/media/image10.png","10","122281"
"embedded_011.png","7a1340a2579b110c11bfef2efbc6de2c6b8012f79e95d9883f33a784a727cdc0","任务8\task8_nature_output\Task8_Nature_final_two_column_layout_v4_formula_fixed.docx","word/media/image11.png","11","150738"
"embedded_012.png","3603f5b01910ea9428e6f353a539e4cadfec8c270f27d9932b5fc420f1d07297","任务8\task8_nature_output\Task8_Nature_final_two_column_layout_v4_formula_fixed.docx","word/media/image12.png","12","98294"
"embedded_013.png","84278d915479bb167a216e7a124709fd8b57ecbab322409d3cbf63fc57f70e61","任务8\task8_nature_output\Task8_Nature_final_two_column_layout_v4_formula_fixed.docx","word/media/image13.png","13","88220"
"embedded_014.png","34eac0c334c93f0c0971b729c727eec97cae212d0735406a734a659d4c0408d4","任务8\task8_nature_output\Task8_Nature_final_two_column_layout_v4_formula_fixed.docx","word/media/image14.png","14","133000"
"embedded_015.png","d9485f7d5e3cd307d62bf230853d0bba35f9aa15bab5f1afbd1e586adbcf6c80","任务8\task8_nature_output\Task8_Nature_final_two_column_layout_v4_formula_fixed.docx","word/media/image15.png","15","73251"
"embedded_016.png","f1d1b2d73dd7076fe4c02b12ecf209f45b546461eb15de605e9616cfc3f780c9","任务8\task8_nature_output\Task8_Nature_final_two_column_layout_v4_formula_fixed.docx","word/media/image16.png","16","67612"
"embedded_017.png","6d151cea9f60cc69bb6a04b7b9f8e5f2ea7bada5e324171392a7e9219236cf09","任务8\task8_nature_output\Task8_Nature_final_two_column_layout_v4_formula_fixed.docx","word/media/image17.png","17","338042"
"embedded_018.png","3603f7e247aff80b4cfaf70a6a1c4f946b206c265917e8949d8c73fa45b2d545","任务8\task8_nature_output\Task8_Nature_final_two_column_layout_v4_formula_fixed.docx","word/media/image18.png","18","355337"
"embedded_019.png","0c378737d9739a922e8d704479423777bf8ed6960470d643a3c42ac7e8f9f17c","任务8\task8_nature_output\Task8_Nature_final_two_column_layout_v4_formula_fixed.docx","word/media/image19.png","19","93171"
"embedded_020.png","8897f9d913537b0ca2de6e09ba33dd98a552a70ebbed1cb59efc41b091db1241","任务8\task8_nature_output\Task8_Nature_final_two_column_layout_v4_formula_fixed.docx","word/media/image20.png","20","90345"
"embedded_021.png","37f91825b6db828d4bcd4117252cdb38e77b1f2abd3ad5df08efed7c4315f960","任务8\task8_nature_output\Task8_Nature_final_two_column_layout_v4_formula_fixed.docx","word/media/image21.png","21","133326"
"embedded_001.png","a488efcea6f4641732a505e9627b7fcc42ab6ad7812bafb7454ca9e1c764cfbc","任务8\task8_nature_output\Task8_Nature_final_two_column_layout_v5_formula_clean.docx","word/media/image1.png","1","73974"
"embedded_002.png","33191778800341d4b6e1c0ff631a2853e14054ff171194965f39e3da75fb86ab","任务8\task8_nature_output\Task8_Nature_final_two_column_layout_v5_formula_clean.docx","word/media/image2.png","2","95875"
"embedded_003.png","5966cff3c359570639d8f526c05e84fde8542e0eda017e3911f367b4c46c3238","任务8\task8_nature_output\Task8_Nature_final_two_column_layout_v5_formula_clean.docx","word/media/image3.png","3","198123"
"embedded_004.png","986758584d710dde74b03295807615d6ee9080d9c246b457a755064e06f8ed2e","任务8\task8_nature_output\Task8_Nature_final_two_column_layout_v5_formula_clean.docx","word/media/image4.png","4","157740"
"embedded_005.png","eef0d362f3d76ad708d4669d1b64004737535373af1926b8701e3f13773bc18f","任务8\task8_nature_output\Task8_Nature_final_two_column_layout_v5_formula_clean.docx","word/media/image5.png","5","57079"
"embedded_006.png","d9e78e5e006e9e3668c3c0c1cde63e0c1b6c2330359f6cc5b89386d1dce35a0c","任务8\task8_nature_output\Task8_Nature_final_two_column_layout_v5_formula_clean.docx","word/media/image6.png","6","58234"
"embedded_007.png","d8407959523c724299889577081fbb739db984f8f6d6dea55792eb5181ede65d","任务8\task8_nature_output\Task8_Nature_final_two_column_layout_v5_formula_clean.docx","word/media/image7.png","7","49796"
"embedded_008.png","503bc663952120e7e420ce3d7d80c36e47c5e3ed8990339146cff45da9fcd188","任务8\task8_nature_output\Task8_Nature_final_two_column_layout_v5_formula_clean.docx","word/media/image8.png","8","53711"
"embedded_009.png","a40406848fe149f2feb2785768b8ace5181e866c232cd7170c6677550b820a1b","任务8\task8_nature_output\Task8_Nature_final_two_column_layout_v5_formula_clean.docx","word/media/image9.png","9","54296"
"embedded_010.png","216c146699a03920aa768b8f66ee2e8b26b341fea96a2bc2064ed232ac57d9af","任务8\task8_nature_output\Task8_Nature_final_two_column_layout_v5_formula_clean.docx","word/media/image10.png","10","122281"
"embedded_011.png","7a1340a2579b110c11bfef2efbc6de2c6b8012f79e95d9883f33a784a727cdc0","任务8\task8_nature_output\Task8_Nature_final_two_column_layout_v5_formula_clean.docx","word/media/image11.png","11","150738"
"embedded_012.png","3603f5b01910ea9428e6f353a539e4cadfec8c270f27d9932b5fc420f1d07297","任务8\task8_nature_output\Task8_Nature_final_two_column_layout_v5_formula_clean.docx","word/media/image12.png","12","98294"
"embedded_013.png","84278d915479bb167a216e7a124709fd8b57ecbab322409d3cbf63fc57f70e61","任务8\task8_nature_output\Task8_Nature_final_two_column_layout_v5_formula_clean.docx","word/media/image13.png","13","88220"
"embedded_014.png","34eac0c334c93f0c0971b729c727eec97cae212d0735406a734a659d4c0408d4","任务8\task8_nature_output\Task8_Nature_final_two_column_layout_v5_formula_clean.docx","word/media/image14.png","14","133000"
"embedded_015.png","d9485f7d5e3cd307d62bf230853d0bba35f9aa15bab5f1afbd1e586adbcf6c80","任务8\task8_nature_output\Task8_Nature_final_two_column_layout_v5_formula_clean.docx","word/media/image15.png","15","73251"
"embedded_016.png","f1d1b2d73dd7076fe4c02b12ecf209f45b546461eb15de605e9616cfc3f780c9","任务8\task8_nature_output\Task8_Nature_final_two_column_layout_v5_formula_clean.docx","word/media/image16.png","16","67612"
"embedded_017.png","6d151cea9f60cc69bb6a04b7b9f8e5f2ea7bada5e324171392a7e9219236cf09","任务8\task8_nature_output\Task8_Nature_final_two_column_layout_v5_formula_clean.docx","word/media/image17.png","17","338042"
"embedded_018.png","3603f7e247aff80b4cfaf70a6a1c4f946b206c265917e8949d8c73fa45b2d545","任务8\task8_nature_output\Task8_Nature_final_two_column_layout_v5_formula_clean.docx","word/media/image18.png","18","355337"
"embedded_019.png","0c378737d9739a922e8d704479423777bf8ed6960470d643a3c42ac7e8f9f17c","任务8\task8_nature_output\Task8_Nature_final_two_column_layout_v5_formula_clean.docx","word/media/image19.png","19","93171"
"embedded_020.png","8897f9d913537b0ca2de6e09ba33dd98a552a70ebbed1cb59efc41b091db1241","任务8\task8_nature_output\Task8_Nature_final_two_column_layout_v5_formula_clean.docx","word/media/image20.png","20","90345"
"embedded_021.png","37f91825b6db828d4bcd4117252cdb38e77b1f2abd3ad5df08efed7c4315f960","任务8\task8_nature_output\Task8_Nature_final_two_column_layout_v5_formula_clean.docx","word/media/image21.png","21","133326"
"embedded_001.png","a488efcea6f4641732a505e9627b7fcc42ab6ad7812bafb7454ca9e1c764cfbc","任务8\task8_nature_output\Task8_Nature_final_two_column_layout.docx","word/media/image1.png","1","73974"
"embedded_002.png","33191778800341d4b6e1c0ff631a2853e14054ff171194965f39e3da75fb86ab","任务8\task8_nature_output\Task8_Nature_final_two_column_layout.docx","word/media/image2.png","2","95875"
"embedded_003.png","5966cff3c359570639d8f526c05e84fde8542e0eda017e3911f367b4c46c3238","任务8\task8_nature_output\Task8_Nature_final_two_column_layout.docx","word/media/image3.png","3","198123"
"embedded_004.png","986758584d710dde74b03295807615d6ee9080d9c246b457a755064e06f8ed2e","任务8\task8_nature_output\Task8_Nature_final_two_column_layout.docx","word/media/image4.png","4","157740"
"embedded_001.png","a488efcea6f4641732a505e9627b7fcc42ab6ad7812bafb7454ca9e1c764cfbc","任务8\task8_nature_output\Task8_Nature_optimized_report_with_original_figures.docx","word/media/image1.png","1","73974"
"embedded_002.png","33191778800341d4b6e1c0ff631a2853e14054ff171194965f39e3da75fb86ab","任务8\task8_nature_output\Task8_Nature_optimized_report_with_original_figures.docx","word/media/image2.png","2","95875"
"embedded_003.png","5966cff3c359570639d8f526c05e84fde8542e0eda017e3911f367b4c46c3238","任务8\task8_nature_output\Task8_Nature_optimized_report_with_original_figures.docx","word/media/image3.png","3","198123"
"embedded_004.png","986758584d710dde74b03295807615d6ee9080d9c246b457a755064e06f8ed2e","任务8\task8_nature_output\Task8_Nature_optimized_report_with_original_figures.docx","word/media/image4.png","4","157740"
"embedded_005.png","eef0d362f3d76ad708d4669d1b64004737535373af1926b8701e3f13773bc18f","任务8\task8_nature_output\Task8_Nature_optimized_report_with_original_figures.docx","word/media/image5.png","5","57079"
"embedded_006.png","d9e78e5e006e9e3668c3c0c1cde63e0c1b6c2330359f6cc5b89386d1dce35a0c","任务8\task8_nature_output\Task8_Nature_optimized_report_with_original_figures.docx","word/media/image6.png","6","58234"
"embedded_007.png","d8407959523c724299889577081fbb739db984f8f6d6dea55792eb5181ede65d","任务8\task8_nature_output\Task8_Nature_optimized_report_with_original_figures.docx","word/media/image7.png","7","49796"
"embedded_008.png","503bc663952120e7e420ce3d7d80c36e47c5e3ed8990339146cff45da9fcd188","任务8\task8_nature_output\Task8_Nature_optimized_report_with_original_figures.docx","word/media/image8.png","8","53711"
"embedded_009.png","a40406848fe149f2feb2785768b8ace5181e866c232cd7170c6677550b820a1b","任务8\task8_nature_output\Task8_Nature_optimized_report_with_original_figures.docx","word/media/image9.png","9","54296"
"embedded_010.png","216c146699a03920aa768b8f66ee2e8b26b341fea96a2bc2064ed232ac57d9af","任务8\task8_nature_output\Task8_Nature_optimized_report_with_original_figures.docx","word/media/image10.png","10","122281"
"embedded_011.png","7a1340a2579b110c11bfef2efbc6de2c6b8012f79e95d9883f33a784a727cdc0","任务8\task8_nature_output\Task8_Nature_optimized_report_with_original_figures.docx","word/media/image11.png","11","150738"
"embedded_012.png","3603f5b01910ea9428e6f353a539e4cadfec8c270f27d9932b5fc420f1d07297","任务8\task8_nature_output\Task8_Nature_optimized_report_with_original_figures.docx","word/media/image12.png","12","98294"
"embedded_013.png","84278d915479bb167a216e7a124709fd8b57ecbab322409d3cbf63fc57f70e61","任务8\task8_nature_output\Task8_Nature_optimized_report_with_original_figures.docx","word/media/image13.png","13","88220"
"embedded_014.png","34eac0c334c93f0c0971b729c727eec97cae212d0735406a734a659d4c0408d4","任务8\task8_nature_output\Task8_Nature_optimized_report_with_original_figures.docx","word/media/image14.png","14","133000"
"embedded_015.png","d9485f7d5e3cd307d62bf230853d0bba35f9aa15bab5f1afbd1e586adbcf6c80","任务8\task8_nature_output\Task8_Nature_optimized_report_with_original_figures.docx","word/media/image15.png","15","73251"
"embedded_016.png","f1d1b2d73dd7076fe4c02b12ecf209f45b546461eb15de605e9616cfc3f780c9","任务8\task8_nature_output\Task8_Nature_optimized_report_with_original_figures.docx","word/media/image16.png","16","67612"
"embedded_017.png","6d151cea9f60cc69bb6a04b7b9f8e5f2ea7bada5e324171392a7e9219236cf09","任务8\task8_nature_output\Task8_Nature_optimized_report_with_original_figures.docx","word/media/image17.png","17","338042"
"embedded_018.png","3603f7e247aff80b4cfaf70a6a1c4f946b206c265917e8949d8c73fa45b2d545","任务8\task8_nature_output\Task8_Nature_optimized_report_with_original_figures.docx","word/media/image18.png","18","355337"
"embedded_019.png","0c378737d9739a922e8d704479423777bf8ed6960470d643a3c42ac7e8f9f17c","任务8\task8_nature_output\Task8_Nature_optimized_report_with_original_figures.docx","word/media/image19.png","19","93171"
"embedded_020.png","8897f9d913537b0ca2de6e09ba33dd98a552a70ebbed1cb59efc41b091db1241","任务8\task8_nature_output\Task8_Nature_optimized_report_with_original_figures.docx","word/media/image20.png","20","90345"
"embedded_021.png","37f91825b6db828d4bcd4117252cdb38e77b1f2abd3ad5df08efed7c4315f960","任务8\task8_nature_output\Task8_Nature_optimized_report_with_original_figures.docx","word/media/image21.png","21","133326"
"embedded_001.png","a488efcea6f4641732a505e9627b7fcc42ab6ad7812bafb7454ca9e1c764cfbc","任务8\task8_nature_output\Task8_Nature_optimized_report.docx","word/media/image1.png","1","73974"
"embedded_002.png","33191778800341d4b6e1c0ff631a2853e14054ff171194965f39e3da75fb86ab","任务8\task8_nature_output\Task8_Nature_optimized_report.docx","word/media/image2.png","2","95875"
"embedded_003.png","5966cff3c359570639d8f526c05e84fde8542e0eda017e3911f367b4c46c3238","任务8\task8_nature_output\Task8_Nature_optimized_report.docx","word/media/image3.png","3","198123"
"embedded_004.png","986758584d710dde74b03295807615d6ee9080d9c246b457a755064e06f8ed2e","任务8\task8_nature_output\Task8_Nature_optimized_report.docx","word/media/image4.png","4","157740"
"embedded_036.png","d869079ce9b175086f5478a962a31021893d10cf5976bb94d1511dda1c065a74","有限元\t1.2.docx","word/media/image1.png","1","68373"
"embedded_037.png","9a2a309e95b12ed2cc48c442be4360d37c8434ba6a42c3f4539fb6101e4536ca","有限元\t1.2.docx","word/media/image2.png","2","51028"
"embedded_038.png","716ddb8bc5413bd7b2c724a9ebce34863b715179633755ad95cc71716b6761ef","有限元\t1.2.docx","word/media/image3.png","3","48920"
"embedded_039.png","6598f8a84d509036ad5cdd5206bc59a05c837687883a121a9226b02fcb7fd35c","有限元\t1.2.docx","word/media/image4.png","4","51290"
"embedded_040.png","37ce096f24b6e899d997c548584b5599989da8c5ea548f05df6db8f55ebcaa1a","有限元\t10.2.docx","word/media/image1.png","1","222968"
"embedded_041.png","1479a11eb0a66f35baaab3fd013a26dad4500131c036565ff4736b9bfc7bb10a","有限元\t10.2.docx","word/media/image2.png","2","320413"
"embedded_042.png","7c4b333f5fd74978705534eec5c553d0e0d7b81f83191843ecc37de65bc15efa","有限元\t10.2.docx","word/media/image3.png","3","3389"
"embedded_043.png","23dc9958b60b1cb5645d896cc45e126861a58fc03ec4bef4203ab8beddb42a67","有限元\t10.2.docx","word/media/image4.png","4","15380"
"embedded_044.png","35703f2a634acf7d23ad5c3e9f198bb9cecf7566b15ccaaadaf076e7bc57633c","有限元\t10.2.docx","word/media/image5.png","5","33406"
"embedded_045.png","02d3869184d4b1f7bbb02b4019eb2f91c7019dbce1d135fd8deced741ab842d0","有限元\t10.2.docx","word/media/image6.png","6","32908"
"embedded_046.png","64e5cebd17a5a4b73a6dab11698bf87c8203103c5f51280651a56d52a00e3d5f","有限元\t10.2.docx","word/media/image7.png","7","29038"
"embedded_047.png","76dacb50a20de0d3f224032091ae85e9b0b8c0b3a90722a5d2a212dd7faf0245","有限元\t10.2.docx","word/media/image8.png","8","34623"
"embedded_048.png","a587dc0599ccca5ef04ddee22b847c0039e3881f59b768e4f8df3bb49cc8472e","有限元\t10.2.docx","word/media/image9.png","9","34971"
"embedded_049.png","60f62515f1bb84e6fe103e7649fff68ba85152cab92f0c881cce710e1ddda34d","有限元\t10.2.docx","word/media/image10.png","10","30297"
"embedded_050.png","671ebcba3cc3511161c5f3c21dd1aeb5db96a3bbc3b2b7013f42ff3d172d1c83","有限元\t10.2.docx","word/media/image11.png","11","48099"
"embedded_051.png","ea484751103c0b4a02963d6ed66d9379da9b0de0e97afba5adf59caf9e16fdde","有限元\t10.2.docx","word/media/image12.png","12","44084"
"embedded_052.png","cf933805192ee54e78caa428f541119c9d64d0ff1aaac1587ebc6c71b1e29fd4","有限元\t10.2.docx","word/media/image13.png","13","47931"
"embedded_053.png","078022e1c93d70f5ca6e350d8bd1b0d31ae5707145441a7dd2f9890feb992cff","有限元\t10.2.docx","word/media/image14.png","14","101406"
"embedded_054.png","b8821406f4dba43611c6a9c40adc9f5366ace999f19daab4d9c93cbc937d1715","有限元\t10.2.docx","word/media/image15.png","15","138258"
"embedded_055.png","709498eea62a7c011a47ecd03f5a886c1172363a15f7b90bc773de728c82e241","有限元\t11.5.docx","word/media/image26.png","1","75317"
"embedded_056.png","5f26bc41a2bd49734948b9d0e208ecd6c89f2e28761402658569a67285267fd0","有限元\t11.5.docx","word/media/image24.png","2","56693"
"embedded_057.png","dec57278d938bb5fa6a002173443eee12c0cee38ad038986e046cfb6d97119d6","有限元\t11.5.docx","word/media/image2.png","3","86769"
"embedded_058.png","09d792c44cbd1277bbeeb9bf54082e22442dca6a1fea004939430f8afc99654a","有限元\t11.5.docx","word/media/image1.png","4","26386"
"embedded_059.png","581dd4a50131cc6f827348c309703feb5b573b0e9157df1f0f95f904abbdbe6d","有限元\t11.5.docx","word/media/image3.png","5","85729"
"embedded_060.png","7bc4b5385f4f13407662f600858b41a9edbc1c08395820dce50f398e9cd33376","有限元\t11.5.docx","word/media/image4.png","6","83448"
"embedded_061.png","524a983ec4e00b627e55fb6d155032558a1212e647ecbd68a3a4ffecee3ca458","有限元\t11.5.docx","word/media/image5.png","7","92965"
"embedded_062.png","1a3e751107fd42cd0faddbb9286b74940830506d97ae4dfd945160de87c3c278","有限元\t11.5.docx","word/media/image6.png","8","119639"
"embedded_063.png","613c0985a8c1da8ea812cccf862dfef7271262608d0632676087e0cbea09fe76","有限元\t11.5.docx","word/media/image7.png","9","52841"
"embedded_064.png","b21f386185b88063ea3142ad39f965efcde24f9e5b35fb622fbd419ba57d11d1","有限元\t11.5.docx","word/media/image8.png","10","60738"
"embedded_065.png","06d8ae8ab82cbdb0a85ff1ed868c2c1f6a5509cb86905c04ca6669e54f65e489","有限元\t11.5.docx","word/media/image9.png","11","65150"
"embedded_066.png","bb99c2b91cfbb42744214e73e9a7af570b0dfe171f5c64da6c31f12aaf18bf9b","有限元\t11.5.docx","word/media/image10.png","12","71233"
"embedded_067.png","2be6d083d15f1f40c5076a1fc79609b795afcb05bb10723c20327ba3b02f7fdd","有限元\t11.5.docx","word/media/image11.png","13","78324"
"embedded_068.png","cac18ee8357a3c60e9a2ae813f5d05f81d8b699dfcc52317158daf04d9f15340","有限元\t11.5.docx","word/media/image12.png","14","78110"
"embedded_069.png","8e63f770357b826056efb0bccb34d53c22f73cf46c737ae675cebe75943b02da","有限元\t11.5.docx","word/media/image13.png","15","100164"
"embedded_070.png","a21d8a96525be2f95e27b17197950d0779ddb7e48d4f5845157e0971b2293c3c","有限元\t11.5.docx","word/media/image14.png","16","99667"
"embedded_071.png","9ac8ffbb272e73fa4f064f7bea6f8c28097b2f08127547e743dbeee56647d3db","有限元\t11.5.docx","word/media/image15.png","17","120025"
"embedded_072.png","14ac7b9a71773059d8e68251eb45144ad549d80404852bb1e241103c8c192775","有限元\t11.5.docx","word/media/image16.png","18","118919"
"embedded_073.png","5f089e586f3adc03f8f0644e24b2eed1c91b802ee3e8fbd9446d15a2b429bfbc","有限元\t11.5.docx","word/media/image17.png","19","67735"
"embedded_074.png","afbeab76378d0eb927e60604645b30fb8f9f890d4750542423b2978fe281835d","有限元\t11.5.docx","word/media/image18.png","20","40723"
"embedded_075.png","e63c4c354eda36fabbb6742146415232fb998c820a60e6a30b449905cd82efb6","有限元\t11.5.docx","word/media/image19.png","21","105823"
"embedded_076.png","da6e561645f557dcb57ecab40bc2996759a34d2ee1a08a6d6998b8b456f42380","有限元\t11.5.docx","word/media/image20.png","22","86936"
"embedded_077.png","8ff05950222fe685c6a4f0c3d3d2a0bc8ec5175654ef7876152d3ffddf15f5c0","有限元\t11.5.docx","word/media/image21.png","23","72861"
"embedded_078.png","d0390ec868a935651532405d9fc3f2700e6cd798397701be6efc830aa74dfbed","有限元\t11.5.docx","word/media/image22.png","24","38456"
"embedded_079.png","43c0cbce180c21fb5c5e6eeee007b89614894d33c1e8180caee45775a91aa898","有限元\t11.5.docx","word/media/image23.png","25","59677"
"embedded_080.png","cf87fbc72306c562d36a4ab573e00ec4ad5c262cb1c380a4b00ce0b27d2102d0","有限元\t11.5.docx","word/media/image25.png","26","79187"
"embedded_081.png","757b4ad79392110093dcd9517650b9bdb28daa472035afd42ac1c4804b24fde4","有限元\t2.1.docx","word/media/image1.png","1","14290"
"embedded_082.png","bf3eb4f437005a3c87e64b91e760fe78ff2b38cc56fc2517235eedacc3d41ec9","有限元\t2.1.docx","word/media/image2.png","2","15516"
"embedded_083.png","023a22a2405b1b253ba0e293cf58aab6ab6c4da2e6965861b25e4797d4fec0d2","有限元\t2.1.docx","word/media/image3.png","3","14378"
"embedded_084.png","5a6c0cd1a7f1777f016832a5e1e310330e0923cc89a353e3924e59370226b4a2","有限元\t2.1.docx","word/media/image4.png","4","14492"
"embedded_085.png","65b8bb239811fe6b31adf84ddf645428d758c52d4ad95e2679e201516d7a2fea","有限元\t2.1.docx","word/media/image5.png","5","13317"
"embedded_086.png","34cbd1533b2165af2d4a319bb681b429743bf252dd0188445689061d791280b9","有限元\t4.1.docx","word/media/image1.png","1","14486"
"embedded_087.png","c2f7b1e38cfabec35566a30aba3e38a4e368a47419da33305437f8b3b4add0cd","有限元\t4.1.docx","word/media/image2.png","2","13839"
"embedded_088.png","44cdd9cb1796fbcce4a4698f7102c5e00a17f2b19a0f0537df8067e94b5562c6","有限元\t4.1.docx","word/media/image3.png","3","13992"
"embedded_089.png","ed1ef30d646792a94456e7a3234bad372d927cea03a7cfc7d41b41f9d3665652","有限元\t4.1.docx","word/media/image4.png","4","15364"
"embedded_090.png","4654c73827a7b89343adb65d7353a35714c5222d6f3b367300ad480e7d3ebff6","有限元\t4.1.docx","word/media/image5.png","5","13975"
"embedded_091.png","5f6329decc8f66c90c39cfc006269e899ff62952abcbab9cb4938ff625b0c220","有限元\t7.2.docx","word/media/image1.png","1","15968"
"embedded_092.png","3bfeb2741708dd41bb33fbb1fa2b1f23958d43ce2dafaa76c288198a3b068c3f","有限元\t7.2.docx","word/media/image2.png","2","13235"
"embedded_093.png","cd36eabac560e3d82ba218f2680c9d33238955a8bb8a22662b9331358e5ef3e0","有限元\t7.2.docx","word/media/image3.png","3","13623"
"embedded_094.png","1939a620b6f43359945afa8841eb938e25e17ce75ccf51f31b913786b4da0970","有限元\t7.2.docx","word/media/image4.png","4","13451"
"embedded_095.png","34661a4a9d4917fff3ee6c8864110d94a9e79a5b984bc612842f53947929414f","有限元\t7.2.docx","word/media/image5.png","5","14050"
"embedded_096.png","0564f6876e125e467f9f6fffa15b4cf316ab5944ffb5d7289b759ff81e0a51fc","有限元\t7.2.docx","word/media/image6.png","6","13867"
"embedded_097.png","c8d995e3560e50352e2e29f749d8ba26d9310f3e25f66b8d3e37681b2570bdd4","有限元\t7.2.docx","word/media/image7.png","7","13685"
"embedded_098.jpg","aebcfb6a1f2f28e40ce45b5636822778c1f2cf8422eeac69016239357f1a817a","有限元\t8.1.docx","word/media/image1.jpg","1","58205"
"embedded_099.jpg","66520aa371dc15da74bca6998fad1b7b3f3b81812e0492297ed94e0fa4dc7a1f","有限元\t8.1.docx","word/media/image2.jpg","2","58336"
"embedded_100.jpg","e0496e5b8e18ec2e4105c1c858560c6126d955131492e93f4aa28bc073c70ab4","有限元\t8.1.docx","word/media/image3.jpg","3","43164"
"embedded_101.jpg","8f658dfe9d02896fcd816d0dcd7b3506bcfebaa2935b15eddfdd0e47317fa75c","有限元\t8.1.docx","word/media/image4.jpg","4","65169"
"embedded_102.jpg","a5ca87c364584aca3bcc9b0dee6bfc0609593c6503d5b5ed519267144d092bac","有限元\t8.1.docx","word/media/image5.jpg","5","82924"
"embedded_103.jpg","c2d3517db44f40741befe50298d46f1fc66df3eeec58f2563dbb82a38ba72b03","有限元\t8.1.docx","word/media/image6.jpg","6","45173"
"embedded_104.jpg","e2f61afaee394d520b20539f25bc729dcc0b20bde87a8e2802b597fae6dc6a96","有限元\t8.1.docx","word/media/image7.jpg","7","52442"
"embedded_105.jpg","5190f482c4e86c4789c49dd9b435f75f10b8e79ccd9030329fbb83a86d399793","有限元\t8.1.docx","word/media/image8.jpg","8","50266"
"embedded_106.jpg","513208533af2f33ad58524704480b6400de709322d8e84161c4f6c8b583702e5","有限元\t8.1.docx","word/media/image12.jpg","9","58613"
"embedded_107.jpg","26c6a2aa1cccbee4fa72c4b2a12c44e455bbe5db00e9d0d4537f9ff89e469a6b","有限元\t8.1.docx","word/media/image13.jpg","10","64027"
"embedded_108.jpg","7fcc590e61e3910e5e3dc460aaa49b94ed1d950d4c4d87b21ead5823954d4e1c","有限元\t8.1.docx","word/media/image14.jpg","11","55516"
"embedded_109.jpg","2367a584c4ca47d900ef7eadfaea22b937d2f2691b6c01a20675bd328547df81","有限元\t8.1.docx","word/media/image15.jpg","12","55952"
"embedded_110.jpg","dfd3e49cc982f472e243790c5b6cef510edb3ea1619f9e436e9a2e6b13c2b194","有限元\t8.1.docx","word/media/image16.jpg","13","62272"
"embedded_111.jpg","f73ce941841375da65fe0d514ec1383b65e38c62b7287c453bc898677b0ffc63","有限元\t8.1.docx","word/media/image17.jpg","14","62078"
"embedded_112.jpg","556bdf319fc922a4b73e2ecded876766192190ad32cea67861b65c267fcc3d5d","有限元\t8.1.docx","word/media/image18.jpg","15","98766"
"embedded_113.jpg","749a3bf636703170d55ee9145ddf6d99b1f6af3a50f0c4c6aca89d29790f385b","有限元\t8.1.docx","word/media/image19.jpg","16","289878"
"embedded_114.jpg","f19046f10da46e7579207fad186b3a5f70d52bdd62067b2bd5c636219540961a","有限元\t8.1.docx","word/media/image20.jpg","17","264977"
"embedded_115.jpg","2542823ee86fbb795c345e07fbae9851756d014f9ff015d0e65ae9d337653d49","有限元\t8.1.docx","word/media/image9.jpg","18","65999"
"embedded_116.jpg","6314c5da787d43c8ffe1bb9430da8b8811a94eb02ee7ba3d5279c158ddfeffb9","有限元\t8.1.docx","word/media/image11.jpg","19","62130"
"embedded_117.jpg","3ff92e325d02a579f88da471ab975218b471dc9dec160b9771541e844cb46847","有限元\t8.1.docx","word/media/image10.jpg","20","97806"
"embedded_118.png","788a65a2adfd7739f6f375ad0a27ecc813e4da5a20c6b4985e16dea6ef1d58c4","有限元\t9.docx","word/media/image1.png","1","98730"
"embedded_119.png","338162f6ed314fc31d919edfbe47e6b2ad7ef511bbf24fad45b68245fc4760eb","有限元\t9.docx","word/media/image2.png","2","85053"
"embedded_120.png","3ab65f132e4e3c3c3f5f30d30283655f1f33521a0d4df41741f3e19eb0310656","有限元\t9.docx","word/media/image3.png","3","600251"
"embedded_121.png","339c7603d5d44fc6db9ca9e7a99b42894672c64f4481cdb8c050b3b0c8644605","有限元\t9.docx","word/media/image4.png","4","228972"
"embedded_122.png","f41a6c90df856fbbd7359fb4c66aa704faba685e79fa880304c0eae640951619","有限元\t9.docx","word/media/image5.png","5","203927"
"embedded_123.png","258066043904dc43cb77606ffec2b0e5fcb476d2b45ea2cfb53c4d92416c0628","有限元\t9.docx","word/media/image6.png","6","325353"
"embedded_124.png","b5b020f8cf02bcae424d9e8907b36a0a4eac58ef571e8d931761a8017929d6ba","有限元\t9.docx","word/media/image7.png","7","119389"
"embedded_125.png","f11a0ce4db0b7f02a9d8fca875f744b9f6df2bcbe7798f09794b5eb7823a7152","有限元\t9.docx","word/media/image8.png","8","206817"
"embedded_126.png","8ab7a1d4b2b3a0edbf3a84db25c73992f96973263b1717dda82958a1cefd7c60","有限元\t9.docx","word/media/image9.png","9","199937"
"embedded_127.png","29c5a8404aff37fad3b02ec6cfaa0988deb275f74c9671a2b1a95316af719ece","有限元\t9.docx","word/media/image10.png","10","198052"
"embedded_128.png","6ed648af1f459305d4f89a322d2bd098d01fd92e6641b72f4d223669acd7a191","有限元\t9.docx","word/media/image11.png","11","136097"
